000001,上证指数,SZZS,sh
399001,深证指数,SZZS,sz
399005,中小板,ZXB,sz
000300,沪深300,HS3,sh
000002,万科Ａ,MKＡ,sz
000004,国农科技,GNKJ,sz
000005,世纪星源,SJXY,sz
000006,深振业Ａ,SZYＡ,sz
000007,全新好,QXH,sz
000008,神州高铁,SZGT,sz
000009,中国宝安,ZGBA,sz
000010,*ST美丽,*STML,sz
000011,深物业A,SWYA,sz
000012,南玻Ａ,NBＡ,sz
000014,沙河股份,SHGF,sz
000016,深康佳Ａ,SKJＡ,sz
000017,*ST中华A,*STZHA,sz
000019,深粮控股,SLKG,sz
000020,深华发Ａ,SHFＡ,sz
000021,深科技,SKJ,sz
000023,深天地Ａ,STDＡ,sz
000025,特力Ａ,TLＡ,sz
000026,飞亚达,FYD,sz
000027,深圳能源,SZNY,sz
000028,国药一致,GYYZ,sz
000029,深深房Ａ,SSFＡ,sz
000030,富奥股份,FAGF,sz
000031,大悦城,DYC,sz
000032,深桑达Ａ,SSDＡ,sz
000034,神州数码,SZSM,sz
000035,中国天楹,ZGTY,sz
000036,华联控股,HLKG,sz
000037,深南电A,SNDA,sz
000038,深大通,SDT,sz
000039,中集集团,ZJJT,sz
000040,东旭蓝天,DXLT,sz
000042,中洲控股,ZZKG,sz
000045,深纺织Ａ,SFZＡ,sz
000046,泛海控股,FHKG,sz
000048,京基智农,JJZN,sz
000049,德赛电池,DSDC,sz
000050,深天马Ａ,STMＡ,sz
000055,方大集团,FDJT,sz
000056,皇庭国际,HTGJ,sz
000058,深赛格,SSG,sz
000059,华锦股份,HJGF,sz
000060,中金岭南,ZJLN,sz
000061,农产品,NCP,sz
000062,深圳华强,SZHQ,sz
000063,中兴通讯,ZXTX,sz
000065,北方国际,BFGJ,sz
000066,中国长城,ZGZC,sz
000068,华控赛格,HKSG,sz
000069,华侨城Ａ,HQCＡ,sz
000070,特发信息,TFXX,sz
000078,海王生物,HWSW,sz
000088,盐田港,YTG,sz
000089,深圳机场,SZJC,sz
000090,天健集团,TJJT,sz
000096,广聚能源,GJNY,sz
000099,中信海直,ZXHZ,sz
000100,TCL科技,TCLKJ,sz
000150,宜华健康,YHJK,sz
000151,中成股份,ZCGF,sz
000153,丰原药业,FYYY,sz
000155,川能动力,CNDL,sz
000156,华数传媒,HSCM,sz
000157,中联重科,ZLCK,sz
000158,常山北明,CSBM,sz
000159,国际实业,GJSY,sz
000166,申万宏源,SMHY,sz
000301,东方盛虹,DFCJ,sz
000333,美的集团,MDJT,sz
000338,潍柴动力,WCDL,sz
000400,许继电气,XJDQ,sz
000401,冀东水泥,JDSN,sz
000402,金融街,JRJ,sz
000403,双林生物,SLSW,sz
000404,长虹华意,ZJHY,sz
000407,胜利股份,SLGF,sz
000408,*ST藏格,*STZG,sz
000409,ST地矿,STDK,sz
000410,*ST沈机,*STSJ,sz
000411,英特集团,YTJT,sz
000413,东旭光电,DXGD,sz
000415,渤海租赁,BHZL,sz
000416,民生控股,MSKG,sz
000417,合肥百货,GFBH,sz
000419,通程控股,TCKG,sz
000420,吉林化纤,JLHQ,sz
000421,南京公用,NJGY,sz
000422,ST宜化,STYH,sz
000423,东阿阿胶,DAAJ,sz
000425,徐工机械,XGJX,sz
000426,兴业矿业,XYKY,sz
000428,华天酒店,HTJD,sz
000429,粤高速Ａ,YGSＡ,sz
000430,张家界,ZJJ,sz
000488,晨鸣纸业,CMZY,sz
000498,山东路桥,SDLQ,sz
000501,鄂武商Ａ,EWSＡ,sz
000502,绿景控股,LJKG,sz
000503,国新健康,GXJK,sz
000504,ST生物,STSW,sz
000505,京粮控股,JLKG,sz
000506,中润资源,ZRZY,sz
000507,珠海港,ZHG,sz
000509,*ST华塑,*STHS,sz
000510,新金路,XJL,sz
000513,丽珠集团,LZJT,sz
000514,渝开发,YKF,sz
000516,国际医学,GJYX,sz
000517,荣安地产,RADC,sz
000518,四环生物,SHSW,sz
000519,中兵红箭,ZBHJ,sz
000520,长航凤凰,ZHFH,sz
000521,长虹美菱,ZJML,sz
000523,广州浪奇,GZLJ,sz
000524,岭南控股,LNKG,sz
000525,红太阳,HTY,sz
000526,紫光学大,ZGXD,sz
000528,柳工,LG,sz
000529,广弘控股,GHKG,sz
000530,冰山冷热,BSLR,sz
000531,穗恒运Ａ,SHYＡ,sz
000532,华金资本,HJZB,sz
000533,顺钠股份,SNGF,sz
000534,万泽股份,MZGF,sz
000536,*ST华映,*STHY,sz
000537,广宇发展,GYFZ,sz
000538,云南白药,YNBY,sz
000539,粤电力Ａ,YDLＡ,sz
000540,中天金融,ZTJR,sz
000541,佛山照明,FSZM,sz
000543,皖能电力,WNDL,sz
000544,中原环保,ZYHB,sz
000545,金浦钛业,JPTY,sz
000546,金圆股份,JYGF,sz
000547,航天发展,HTFZ,sz
000548,湖南投资,HNTZ,sz
000550,江铃汽车,JLQJ,sz
000551,创元科技,CYKJ,sz
000552,靖远煤电,JYMD,sz
000553,安道麦A,ADMA,sz
000554,泰山石油,TSDY,sz
000555,神州信息,SZXX,sz
000557,西部创业,XBCY,sz
000558,莱茵体育,LYTY,sz
000559,万向钱潮,MXQC,sz
000560,我爱我家,WAWJ,sz
000561,烽火电子,FHDZ,sz
000563,陕国投Ａ,SGTＡ,sz
000564,供销大集,GXDJ,sz
000565,渝三峡Ａ,YSXＡ,sz
000566,海南海药,HNHY,sz
000567,海德股份,HDGF,sz
000568,泸州老窖,LZLJ,sz
000570,苏常柴Ａ,SCCＡ,sz
000571,*ST大洲,*STDZ,sz
000572,ST海马,STHM,sz
000573,粤宏远Ａ,YHYＡ,sz
000576,广东甘化,GDGH,sz
000581,威孚高科,WFGK,sz
000582,北部湾港,BBWG,sz
000584,哈工智能,HGZN,sz
000585,*ST东电,*STDD,sz
000586,汇源通信,HYTX,sz
000587,*ST金洲,*STJZ,sz
000589,贵州轮胎,GZLT,sz
000590,启迪古汉,QDGH,sz
000591,太阳能,TYN,sz
000592,平潭发展,PTFZ,sz
000593,大通燃气,DTRQ,sz
000595,*ST宝实,*STBS,sz
000596,古井贡酒,GJGJ,sz
000597,东北制药,DBZY,sz
000598,兴蓉环境,XRHJ,sz
000599,青岛双星,QDSX,sz
000600,建投能源,JTNY,sz
000601,韶能股份,SNGF,sz
000603,盛达资源,CDZY,sz
000605,渤海股份,BHGF,sz
000606,顺利办,SLB,sz
000607,华媒控股,HMKG,sz
000608,阳光股份,YGGF,sz
000609,中迪投资,ZDTZ,sz
000610,西安旅游,XAL:Y,sz
000611,*ST天首,*STTS,sz
000612,焦作万方,JZMF,sz
000613,大东海A,DDHA,sz
000615,京汉股份,JHGF,sz
000616,海航投资,HHTZ,sz
000617,中油资本,ZYZB,sz
000619,海螺型材,HLXC,sz
000620,新华联,XHL,sz
000622,恒立实业,HLSY,sz
000623,吉林敖东,JLAD,sz
000625,长安汽车,ZAQJ,sz
000626,远大控股,YDKG,sz
000627,天茂集团,TMJT,sz
000628,高新发展,GXFZ,sz
000629,攀钢钒钛,PGFT,sz
000630,铜陵有色,TLYS,sz
000631,顺发恒业,SFHY,sz
000632,三木集团,SMJT,sz
000633,合金投资,GJTZ,sz
000635,英力特,YLT,sz
000636,风华高科,FHGK,sz
000637,茂化实华,MHSH,sz
000638,万方发展,MFFZ,sz
000639,西王食品,XWSP,sz
000650,仁和药业,RHYY,sz
000651,格力电器,GLDQ,sz
000652,泰达股份,TDGF,sz
000655,金岭矿业,JLKY,sz
000656,金科股份,JKGF,sz
000657,中钨高新,ZWGX,sz
000659,珠海中富,ZHZF,sz
000661,长春高新,ZCGX,sz
000662,天夏智慧,TXZH,sz
000663,*ST永林,*STYL,sz
000665,湖北广电,HBGD,sz
000666,经纬纺机,JWFJ,sz
000667,美好置业,MHZY,sz
000668,荣丰控股,RFKG,sz
000669,*ST金鸿,*STJH,sz
000671,阳光城,YGC,sz
000672,上峰水泥,SFSN,sz
000673,*ST当代,*STDD,sz
000676,智度股份,ZDGF,sz
000677,恒天海龙,HTHL,sz
000678,襄阳轴承,XYZC,sz
000679,*ST友谊,*STYY,sz
000680,山推股份,STGF,sz
000681,视觉中国,SJZG,sz
000682,东方电子,DFDZ,sz
000683,远兴能源,YXNY,sz
000685,中山公用,ZSGY,sz
000686,东北证券,DBZX,sz
000687,*ST华讯,*STHX,sz
000688,国城矿业,GCKY,sz
000690,宝新能源,BXNY,sz
000691,亚太实业,YTSY,sz
000692,惠天热电,HTRD,sz
000695,滨海能源,BHNY,sz
000697,炼石航空,LDHK,sz
000698,沈阳化工,SYHG,sz
000700,模塑科技,MSKJ,sz
000701,厦门信达,XMXD,sz
000702,正虹科技,ZJKJ,sz
000703,恒逸石化,HYDH,sz
000705,浙江震元,ZJZY,sz
000707,ST双环,STSH,sz
000708,中信特钢,ZXTG,sz
000709,河钢股份,HGGF,sz
000710,贝瑞基因,BRJY,sz
000711,京蓝科技,JLKJ,sz
000712,锦龙股份,JLGF,sz
000713,丰乐种业,FLZY,sz
000715,中兴商业,ZXSY,sz
000716,黑芝麻,HZM,sz
000717,韶钢松山,SGSS,sz
000718,苏宁环球,SNHQ,sz
000719,中原传媒,ZYCM,sz
000720,新能泰山,XNTS,sz
000721,西安饮食,XAYS,sz
000722,湖南发展,HNFZ,sz
000723,美锦能源,MJNY,sz
000725,京东方Ａ,JDFＡ,sz
000726,鲁泰Ａ,LTＡ,sz
000727,*ST东科,*STDK,sz
000728,国元证券,GYZX,sz
000729,燕京啤酒,YJPJ,sz
000731,四川美丰,SCMF,sz
000732,泰禾集团,THJT,sz
000733,振华科技,ZHKJ,sz
000735,罗牛山,LNS,sz
000736,中交地产,ZJDC,sz
000737,ST南风,STNF,sz
000738,航发控制,HFKZ,sz
000739,普洛药业,PLYY,sz
000750,国海证券,GHZX,sz
000751,锌业股份,XYGF,sz
000752,*ST西发,*STXF,sz
000753,漳州发展,ZZFZ,sz
000755,山西路桥,SXLQ,sz
000756,新华制药,XHZY,sz
000757,浩物股份,HWGF,sz
000758,中色股份,ZSGF,sz
000759,中百集团,ZBJT,sz
000760,*ST斯太,*STST,sz
000761,本钢板材,BGBC,sz
000762,西藏矿业,XZKY,sz
000766,通化金马,THJM,sz
000767,漳泽电力,ZZDL,sz
000768,中航飞机,ZHFJ,sz
000776,广发证券,GFZX,sz
000777,中核科技,ZHKJ,sz
000778,新兴铸管,XXZG,sz
000779,甘咨询,GZX,sz
000780,*ST平能,*STPN,sz
000782,美达股份,MDGF,sz
000783,长江证券,ZJZX,sz
000785,居然之家,JRZJ,sz
000786,北新建材,BXJC,sz
000788,北大医药,BDYY,sz
000789,万年青,MNQ,sz
000790,华神科技,HSKJ,sz
000791,甘肃电投,GSDT,sz
000793,华闻集团,HWJT,sz
000795,英洛华,YLH,sz
000796,凯撒旅业,KSL:Y,sz
000797,中国武夷,ZGWY,sz
000798,中水渔业,ZSYY,sz
000799,酒鬼酒,JGJ,sz
000800,一汽解放,YQJF,sz
000801,四川九洲,SCJZ,sz
000802,北京文化,BJWH,sz
000803,*ST金宇,*STJY,sz
000806,*ST银河,*STYH,sz
000807,云铝股份,YL:GF,sz
000809,铁岭新城,TLXC,sz
000810,创维数字,CWSZ,sz
000811,冰轮环境,BLHJ,sz
000812,陕西金叶,SXJX,sz
000813,德展健康,DZJK,sz
000815,美利云,MLY,sz
000816,ST慧业,STHY,sz
000818,航锦科技,HJKJ,sz
000819,岳阳兴长,YYXZ,sz
000820,*ST节能,*STJN,sz
000821,京山轻机,JSQJ,sz
000822,山东海化,SDHH,sz
000823,超声电子,CSDZ,sz
000825,太钢不锈,TGBX,sz
000826,启迪环境,QDHJ,sz
000828,东莞控股,DGKG,sz
000829,天音控股,TYKG,sz
000830,鲁西化工,LXHG,sz
000831,五矿稀土,WKXT,sz
000833,粤桂股份,YGGF,sz
000835,长城动漫,ZCDM,sz
000836,富通鑫茂,FTXM,sz
000837,*ST秦机,*STQJ,sz
000838,财信发展,CXFZ,sz
000839,中信国安,ZXGA,sz
000848,承德露露,CDLL,sz
000850,华茂股份,HMGF,sz
000851,高鸿股份,GHGF,sz
000852,石化机械,DHJX,sz
000856,冀东装备,JDZB,sz
000858,五粮液,WLY,sz
000859,国风塑业,GFSY,sz
000860,顺鑫农业,SXNY,sz
000861,海印股份,HYGF,sz
000862,银星能源,YXNY,sz
000863,三湘印象,SXYX,sz
000868,ST安凯,STAK,sz
000869,张裕Ａ,ZYＡ,sz
000875,吉电股份,JDGF,sz
000876,新希望,XXW,sz
000877,天山股份,TSGF,sz
000878,云南铜业,YNTY,sz
000880,潍柴重机,WCCJ,sz
000881,中广核技,ZGHJ,sz
000882,华联股份,HLGF,sz
000883,湖北能源,HBNY,sz
000885,城发环境,CFHJ,sz
000886,海南高速,HNGS,sz
000887,中鼎股份,ZDGF,sz
000888,峨眉山Ａ,EMSＡ,sz
000889,中嘉博创,ZJBC,sz
000890,*ST胜尔,*STSE,sz
000892,欢瑞世纪,HRSJ,sz
000893,东凌国际,DLGJ,sz
000895,双汇发展,SHFZ,sz
000897,津滨发展,JBFZ,sz
000898,鞍钢股份,AGGF,sz
000899,赣能股份,GNGF,sz
000900,现代投资,XDTZ,sz
000901,航天科技,HTKJ,sz
000902,新洋丰,XYF,sz
000903,云内动力,YNDL,sz
000905,厦门港务,XMGW,sz
000906,浙商中拓,ZSZT,sz
000908,景峰医药,JFYY,sz
000909,数源科技,SYKJ,sz
000910,大亚圣象,DYSX,sz
000911,ST南糖,STNT,sz
000912,泸天化,LTH,sz
000913,钱江摩托,QJMT,sz
000915,山大华特,SDHT,sz
000917,电广传媒,DGCM,sz
000918,嘉凯城,JKC,sz
000919,金陵药业,JLYY,sz
000920,南方汇通,NFHT,sz
000921,海信家电,HXJD,sz
000922,佳电股份,JDGF,sz
000923,河钢资源,HGZY,sz
000925,众合科技,ZGKJ,sz
000926,福星股份,FXGF,sz
000927,*ST夏利,*STXL,sz
000928,中钢国际,ZGGJ,sz
000929,兰州黄河,LZHH,sz
000930,中粮科技,ZLKJ,sz
000931,中关村,ZGC,sz
000932,华菱钢铁,HLGT,sz
000933,神火股份,SHGF,sz
000935,四川双马,SCSM,sz
000936,华西股份,HXGF,sz
000937,冀中能源,JZNY,sz
000938,紫光股份,ZGGF,sz
000948,南天信息,NTXX,sz
000949,新乡化纤,XXHQ,sz
000950,重药控股,CYKG,sz
000951,中国重汽,ZGCQ,sz
000952,广济药业,GJYY,sz
000953,*ST河化,*STHH,sz
000955,欣龙控股,XLKG,sz
000957,中通客车,ZTKJ,sz
000958,东方能源,DFNY,sz
000959,首钢股份,SGGF,sz
000960,锡业股份,XYGF,sz
000961,中南建设,ZNJS,sz
000962,东方钽业,DFTY,sz
000963,华东医药,HDYY,sz
000965,天保基建,TBJJ,sz
000966,长源电力,ZYDL,sz
000967,盈峰环境,YFHJ,sz
000968,蓝焰控股,LYKG,sz
000969,安泰科技,ATKJ,sz
000970,中科三环,ZKSH,sz
000971,*ST高升,*STGS,sz
000972,ST中基,STZJ,sz
000973,佛塑科技,FSKJ,sz
000975,银泰黄金,YTHJ,sz
000976,华铁股份,HTGF,sz
000977,浪潮信息,LCXX,sz
000978,桂林旅游,GLL:Y,sz
000980,*ST众泰,*STZT,sz
000981,*ST银亿,*STYY,sz
000982,*ST中绒,*STZR,sz
000983,西山煤电,XSMD,sz
000985,大庆华科,DQHK,sz
000987,越秀金控,YXJK,sz
000988,华工科技,HGKJ,sz
000989,九芝堂,JZT,sz
000990,诚志股份,CZGF,sz
000993,闽东电力,MDDL,sz
000996,中国中期,ZGZQ,sz
000997,新大陆,XDL,sz
000998,隆平高科,LPGK,sz
000999,华润三九,HRSJ,sz
001696,宗申动力,ZSDL,sz
001872,招商港口,ZSGK,sz
001896,豫能控股,YNKG,sz
001914,招商积余,ZSJY,sz
001965,招商公路,ZSGL,sz
001979,招商蛇口,ZSSK,sz
002001,新和成,XHC,sz
002002,鸿达兴业,HDXY,sz
002003,伟星股份,WXGF,sz
002004,华邦健康,HBJK,sz
002005,*ST德豪,*STDH,sz
002006,精功科技,JGKJ,sz
002007,华兰生物,HLSW,sz
002008,大族激光,DZJG,sz
002009,天奇股份,TJGF,sz
002010,传化智联,CHZL,sz
002011,盾安环境,DAHJ,sz
002012,凯恩股份,KEGF,sz
002013,中航机电,ZHJD,sz
002014,永新股份,YXGF,sz
002015,协鑫能科,XXNK,sz
002016,世荣兆业,SRZY,sz
002017,东信和平,DXHP,sz
002019,亿帆医药,YFYY,sz
002020,京新药业,JXYY,sz
002021,ST中捷,STZJ,sz
002022,科华生物,KHSW,sz
002023,海特高新,HTGX,sz
002024,苏宁易购,SNYG,sz
002025,航天电器,HTDQ,sz
002026,山东威达,SDWD,sz
002027,分众传媒,FZCM,sz
002028,思源电气,SYDQ,sz
002029,七匹狼,QPL,sz
002030,达安基因,DAJY,sz
002031,巨轮智能,JLZN,sz
002032,苏泊尔,SPE,sz
002033,丽江股份,LJGF,sz
002034,旺能环境,WNHJ,sz
002035,华帝股份,HDGF,sz
002036,联创电子,LCDZ,sz
002037,保利联合,BLLG,sz
002038,双鹭药业,SLYY,sz
002039,黔源电力,QYDL,sz
002040,南京港,NJG,sz
002041,登海种业,DHZY,sz
002042,华孚时尚,HFSS,sz
002043,兔宝宝,TBB,sz
002044,美年健康,MNJK,sz
002045,国光电器,GGDQ,sz
002046,轴研科技,ZYKJ,sz
002047,宝鹰股份,BYGF,sz
002048,宁波华翔,NBHX,sz
002049,紫光国微,ZGGW,sz
002050,三花智控,SHZK,sz
002051,中工国际,ZGGJ,sz
002052,*ST同洲,*STTZ,sz
002053,云南能投,YNNT,sz
002054,德美化工,DMHG,sz
002055,得润电子,DRDZ,sz
002056,横店东磁,HDDC,sz
002057,中钢天源,ZGTY,sz
002058,威尔泰,WET,sz
002059,云南旅游,YNL:Y,sz
002060,粤水电,YSD,sz
002061,浙江交科,ZJJK,sz
002062,宏润建设,HRJS,sz
002063,远光软件,YGRJ,sz
002064,华峰氨纶,HFAG,sz
002065,东华软件,DHRJ,sz
002066,瑞泰科技,RTKJ,sz
002067,景兴纸业,JXZY,sz
002068,黑猫股份,HMGF,sz
002069,獐子岛,ZZD,sz
002071,*ST长城,*STZC,sz
002072,ST凯瑞,STKR,sz
002073,软控股份,RKGF,sz
002074,国轩高科,GXGK,sz
002075,沙钢股份,SGGF,sz
002076,*ST雪莱,*STXL,sz
002077,*ST大港,*STDG,sz
002078,太阳纸业,TYZY,sz
002079,苏州固锝,SZGD,sz
002080,中材科技,ZCKJ,sz
002081,金螳螂,JTL,sz
002082,万邦德,MBD,sz
002083,孚日股份,FRGF,sz
002084,海鸥住工,HOZG,sz
002085,万丰奥威,MFAW,sz
002086,ST东海洋,STDHY,sz
002087,新野纺织,XYFZ,sz
002088,鲁阳节能,LYJN,sz
002089,*ST新海,*STXH,sz
002090,金智科技,JZKJ,sz
002091,江苏国泰,JSGT,sz
002092,中泰化学,ZTHX,sz
002093,国脉科技,GMKJ,sz
002094,青岛金王,QDJW,sz
002095,生意宝,SYB,sz
002096,南岭民爆,NLMB,sz
002097,山河智能,SHZN,sz
002098,浔兴股份,XXGF,sz
002099,海翔药业,HXYY,sz
002100,天康生物,TKSW,sz
002101,广东鸿图,GDHT,sz
002102,ST冠福,STGF,sz
002103,广博股份,GBGF,sz
002104,恒宝股份,HBGF,sz
002105,信隆健康,XLJK,sz
002106,莱宝高科,LBGK,sz
002107,沃华医药,WHYY,sz
002108,沧州明珠,CZMZ,sz
002109,兴化股份,XHGF,sz
002110,三钢闽光,SGMG,sz
002111,威海广泰,WHGT,sz
002112,三变科技,SBKJ,sz
002113,*ST天润,*STTR,sz
002114,罗平锌电,LPXD,sz
002115,三维通信,SWTX,sz
002116,中国海诚,ZGHC,sz
002117,东港股份,DGGF,sz
002118,紫鑫药业,ZXYY,sz
002119,康强电子,KQDZ,sz
002120,韵达股份,YDGF,sz
002121,*ST科陆,*STKL,sz
002122,*ST天马,*STTM,sz
002123,梦网集团,MWJT,sz
002124,天邦股份,TBGF,sz
002125,湘潭电化,XTDH,sz
002126,银轮股份,YLGF,sz
002127,南极电商,NJDS,sz
002128,露天煤业,LTMY,sz
002129,中环股份,ZHGF,sz
002130,沃尔核材,WEHC,sz
002131,利欧股份,LOGF,sz
002132,恒星科技,HXKJ,sz
002133,广宇集团,GYJT,sz
002134,天津普林,TJPL,sz
002135,东南网架,DNWJ,sz
002136,安纳达,AND,sz
002137,麦达数字,MDSZ,sz
002138,顺络电子,SLDZ,sz
002139,拓邦股份,TBGF,sz
002140,东华科技,DHKJ,sz
002141,贤丰控股,XFKG,sz
002142,宁波银行,NBYH,sz
002144,宏达高科,HDGK,sz
002145,中核钛白,ZHTB,sz
002146,荣盛发展,RCFZ,sz
002147,*ST新光,*STXG,sz
002148,北纬科技,BWKJ,sz
002149,西部材料,XBCL,sz
002150,通润装备,TRZB,sz
002151,北斗星通,BDXT,sz
002152,广电运通,GDYT,sz
002153,石基信息,DJXX,sz
002154,报喜鸟,BXN,sz
002155,湖南黄金,HNHJ,sz
002156,通富微电,TFWD,sz
002157,正邦科技,ZBKJ,sz
002158,汉钟精机,HZJJ,sz
002159,三特索道,STSD,sz
002160,常铝股份,CL:GF,sz
002161,远望谷,YWG,sz
002162,悦心健康,YXJK,sz
002163,海南发展,HNFZ,sz
002164,宁波东力,NBDL,sz
002165,红宝丽,HBL,sz
002166,莱茵生物,LYSW,sz
002167,东方锆业,DFGY,sz
002168,惠程科技,HCKJ,sz
002169,智光电气,ZGDQ,sz
002170,芭田股份,BTGF,sz
002171,楚江新材,CJXC,sz
002172,澳洋健康,AYJK,sz
002173,创新医疗,CXYL,sz
002174,游族网络,YZWL,sz
002175,*ST东网,*STDW,sz
002176,*ST江特,*STJT,sz
002177,御银股份,YYGF,sz
002178,延华智能,YHZN,sz
002179,中航光电,ZHGD,sz
002180,纳思达,NSD,sz
002181,粤传媒,YCM,sz
002182,云海金属,YHJZ,sz
002183,怡亚通,YYT,sz
002184,海得控制,HDKZ,sz
002185,华天科技,HTKJ,sz
002186,全聚德,QJD,sz
002187,广百股份,GBGF,sz
002188,ST巴士,STBS,sz
002189,中光学,ZGX,sz
002190,成飞集成,CFJC,sz
002191,劲嘉股份,JJGF,sz
002192,*ST融捷,*STRJ,sz
002193,如意集团,RYJT,sz
002194,武汉凡谷,WHFG,sz
002195,二三四五,ESSW,sz
002196,方正电机,FZDJ,sz
002197,证通电子,ZTDZ,sz
002198,嘉应制药,JYZY,sz
002199,东晶电子,DJDZ,sz
002200,ST云投,STYT,sz
002201,九鼎新材,JDXC,sz
002202,金风科技,JFKJ,sz
002203,海亮股份,HLGF,sz
002204,大连重工,DLCG,sz
002205,国统股份,GTGF,sz
002206,海利得,HLD,sz
002207,ST准油,STZY,sz
002208,合肥城建,GFCJ,sz
002209,达意隆,DYL,sz
002210,*ST飞马,*STFM,sz
002211,宏达新材,HDXC,sz
002212,南洋股份,NYGF,sz
002213,特尔佳,TEJ,sz
002214,大立科技,DLKJ,sz
002215,诺普信,NPX,sz
002216,三全食品,SQSP,sz
002217,合力泰,GLT,sz
002218,拓日新能,TRXN,sz
002219,*ST恒康,*STHK,sz
002220,*ST天宝,*STTB,sz
002221,东华能源,DHNY,sz
002222,福晶科技,FJKJ,sz
002223,鱼跃医疗,YYYL,sz
002224,三力士,SLS,sz
002225,濮耐股份,PNGF,sz
002226,江南化工,JNHG,sz
002227,奥特迅,ATX,sz
002228,合兴包装,GXBZ,sz
002229,鸿博股份,HBGF,sz
002230,科大讯飞,KDXF,sz
002231,奥维通信,AWTX,sz
002232,启明信息,QMXX,sz
002233,塔牌集团,TPJT,sz
002234,民和股份,MHGF,sz
002235,安妮股份,ANGF,sz
002236,大华股份,DHGF,sz
002237,恒邦股份,HBGF,sz
002238,天威视讯,TWSX,sz
002239,奥特佳,ATJ,sz
002240,威华股份,WHGF,sz
002241,歌尔股份,GEGF,sz
002242,九阳股份,JYGF,sz
002243,通产丽星,TCLX,sz
002244,滨江集团,BJJT,sz
002245,澳洋顺昌,AYSC,sz
002246,北化股份,BHGF,sz
002247,*ST聚力,*STJL,sz
002248,华东数控,HDSK,sz
002249,大洋电机,DYDJ,sz
002250,联化科技,LHKJ,sz
002251,步步高,BBG,sz
002252,上海莱士,SHLS,sz
002253,川大智胜,CDZS,sz
002254,泰和新材,THXC,sz
002255,*ST海陆,*STHL,sz
002256,*ST兆新,*STZX,sz
002258,利尔化学,LEHX,sz
002259,*ST升达,*STSD,sz
002261,拓维信息,TWXX,sz
002262,恩华药业,EHYY,sz
002263,大东南,DDN,sz
002264,新华都,XHD,sz
002265,西仪股份,XYGF,sz
002266,浙富控股,ZFKG,sz
002267,陕天然气,STRQ,sz
002268,卫士通,WST,sz
002269,美邦服饰,MBFS,sz
002270,华明装备,HMZB,sz
002271,东方雨虹,DFYJ,sz
002272,川润股份,CRGF,sz
002273,水晶光电,SJGD,sz
002274,华昌化工,HCHG,sz
002275,桂林三金,GLSJ,sz
002276,万马股份,MMGF,sz
002277,友阿股份,YAGF,sz
002278,神开股份,SKGF,sz
002279,久其软件,JQRJ,sz
002280,联络互动,LLHD,sz
002281,光迅科技,GXKJ,sz
002282,博深股份,BSGF,sz
002283,天润工业,TRGY,sz
002284,亚太股份,YTGF,sz
002285,世联行,SLH,sz
002286,保龄宝,BLB,sz
002287,奇正藏药,JZZY,sz
002288,超华科技,CHKJ,sz
002289,ST宇顺,STYS,sz
002290,*ST中科,*STZK,sz
002291,星期六,XQL,sz
002292,奥飞娱乐,AFYL,sz
002293,罗莱生活,LLSH,sz
002294,信立泰,XLT,sz
002295,精艺股份,JYGF,sz
002296,辉煌科技,HHKJ,sz
002297,博云新材,BYXC,sz
002298,中电兴发,ZDXF,sz
002299,圣农发展,SNFZ,sz
002300,太阳电缆,TYDL,sz
002301,齐心集团,QXJT,sz
002302,西部建设,XBJS,sz
002303,美盈森,MYS,sz
002304,洋河股份,YHGF,sz
002305,南国置业,NGZY,sz
002306,ST云网,STYW,sz
002307,北新路桥,BXLQ,sz
002308,威创股份,WCGF,sz
002309,中利集团,ZLJT,sz
002310,东方园林,DFYL,sz
002311,海大集团,HDJT,sz
002312,三泰控股,STKG,sz
002313,日海智能,RHZN,sz
002314,南山控股,NSKG,sz
002315,焦点科技,JDKJ,sz
002316,亚联发展,YLFZ,sz
002317,众生药业,ZSYY,sz
002318,久立特材,JLTC,sz
002319,*ST乐通,*STLT,sz
002320,海峡股份,HXGF,sz
002321,华英农业,HYNY,sz
002322,理工环科,LGHK,sz
002323,*ST雅博,*STYB,sz
002324,普利特,PLT,sz
002325,洪涛股份,HTGF,sz
002326,永太科技,YTKJ,sz
002327,富安娜,FAN,sz
002328,新朋股份,XPGF,sz
002329,皇氏集团,HSJT,sz
002330,得利斯,DLS,sz
002331,皖通科技,WTKJ,sz
002332,仙琚制药,XJZY,sz
002333,ST罗普,STLP,sz
002334,英威腾,YWT,sz
002335,科华恒盛,KHHC,sz
002336,ST人乐,STRL,sz
002337,赛象科技,SXKJ,sz
002338,奥普光电,APGD,sz
002339,积成电子,JCDZ,sz
002340,格林美,GLM,sz
002341,新纶科技,XGKJ,sz
002342,巨力索具,JLSJ,sz
002343,慈文传媒,CWCM,sz
002344,海宁皮城,HNPC,sz
002345,潮宏基,CHJ,sz
002346,柘中股份,ZZGF,sz
002347,泰尔股份,TEGF,sz
002348,高乐股份,GLGF,sz
002349,精华制药,JHZY,sz
002350,北京科锐,BJKR,sz
002351,漫步者,MBZ,sz
002352,顺丰控股,SFKG,sz
002353,杰瑞股份,JRGF,sz
002354,*ST天娱,*STTY,sz
002355,兴民智通,XMZT,sz
002356,*ST赫美,*STHM,sz
002357,富临运业,FLYY,sz
002358,森源电气,SYDQ,sz
002359,*ST北讯,*STBX,sz
002360,同德化工,TDHG,sz
002361,神剑股份,SJGF,sz
002362,汉王科技,HWKJ,sz
002363,隆基机械,LJJX,sz
002364,中恒电气,ZHDQ,sz
002365,永安药业,YAYY,sz
002366,台海核电,THHD,sz
002367,康力电梯,KLDT,sz
002368,太极股份,TJGF,sz
002369,卓翼科技,ZYKJ,sz
002370,亚太药业,YTYY,sz
002371,北方华创,BFHC,sz
002372,伟星新材,WXXC,sz
002373,千方科技,QFKJ,sz
002374,丽鹏股份,LPGF,sz
002375,亚厦股份,YXGF,sz
002376,新北洋,XBY,sz
002377,国创高新,GCGX,sz
002378,章源钨业,ZYWY,sz
002379,宏创控股,HCKG,sz
002380,科远智慧,KYZH,sz
002381,双箭股份,SJGF,sz
002382,蓝帆医疗,LFYL,sz
002383,合众思壮,GZSZ,sz
002384,东山精密,DSJM,sz
002385,大北农,DBN,sz
002386,天原集团,TYJT,sz
002387,维信诺,WXN,sz
002388,新亚制程,XYZC,sz
002389,航天彩虹,HTCJ,sz
002390,信邦制药,XBZY,sz
002391,长青股份,ZQGF,sz
002392,北京利尔,BJLE,sz
002393,力生制药,LSZY,sz
002394,联发股份,LFGF,sz
002395,双象股份,SXGF,sz
002396,星网锐捷,XWRJ,sz
002397,梦洁股份,MJGF,sz
002398,垒知集团,LZJT,sz
002399,海普瑞,HPR,sz
002400,省广集团,XGJT,sz
002401,中远海科,ZYHK,sz
002402,和而泰,HET,sz
002403,爱仕达,ASD,sz
002404,嘉欣丝绸,JXSC,sz
002405,四维图新,SWTX,sz
002406,远东传动,YDCD,sz
002407,多氟多,DFD,sz
002408,齐翔腾达,QXTD,sz
002409,雅克科技,YKKJ,sz
002410,广联达,GLD,sz
002411,延安必康,YABK,sz
002412,汉森制药,HSZY,sz
002413,雷科防务,LKFW,sz
002414,高德红外,GDHW,sz
002415,海康威视,HKWS,sz
002416,爱施德,ASD,sz
002417,深南股份,SNGF,sz
002418,*ST康盛,*STKC,sz
002419,天虹股份,TJGF,sz
002420,*ST毅昌,*STYC,sz
002421,达实智能,DSZN,sz
002422,科伦药业,KLYY,sz
002423,中粮资本,ZLZB,sz
002424,贵州百灵,GZBL,sz
002425,凯撒文化,KSWH,sz
002426,*ST胜利,*STSL,sz
002427,*ST尤夫,*STYF,sz
002428,云南锗业,YNZY,sz
002429,兆驰股份,ZCGF,sz
002430,杭氧股份,HYGF,sz
002431,棕榈股份,ZL:GF,sz
002432,九安医疗,JAYL,sz
002433,太安堂,TAT,sz
002434,万里扬,MLY,sz
002435,长江健康,ZJJK,sz
002436,兴森科技,XSKJ,sz
002437,誉衡药业,YHYY,sz
002438,江苏神通,JSST,sz
002439,启明星辰,QMXC,sz
002440,闰土股份,RTGF,sz
002441,众业达,ZYD,sz
002442,龙星化工,LXHG,sz
002443,金洲管道,JZGD,sz
002444,巨星科技,JXKJ,sz
002445,*ST中南,*STZN,sz
002446,盛路通信,CLTX,sz
002447,*ST晨鑫,*STCX,sz
002448,中原内配,ZYNP,sz
002449,国星光电,GXGD,sz
002450,*ST康得,*STKD,sz
002451,摩恩电气,MEDQ,sz
002452,长高集团,ZGJT,sz
002453,华软科技,HRKJ,sz
002454,松芝股份,SZGF,sz
002455,百川股份,BCGF,sz
002456,欧菲光,OFG,sz
002457,青龙管业,QLGY,sz
002458,益生股份,YSGF,sz
002459,晶澳科技,JAKJ,sz
002460,赣锋锂业,GFLY,sz
002461,珠江啤酒,ZJPJ,sz
002462,嘉事堂,JST,sz
002463,沪电股份,HDGF,sz
002464,众应互联,ZYHL,sz
002465,海格通信,HGTX,sz
002466,天齐锂业,TQLY,sz
002467,二六三,ELS,sz
002468,申通快递,STKD,sz
002469,三维工程,SWGC,sz
002470,金正大,JZD,sz
002471,中超控股,ZCKG,sz
002472,双环传动,SHCD,sz
002473,圣莱达,SLD,sz
002474,榕基软件,RJRJ,sz
002475,立讯精密,LXJM,sz
002476,宝莫股份,BMGF,sz
002478,常宝股份,CBGF,sz
002479,富春环保,FCHB,sz
002480,新筑股份,XZGF,sz
002481,双塔食品,STSP,sz
002482,广田集团,GTJT,sz
002483,润邦股份,RBGF,sz
002484,江海股份,JHGF,sz
002485,希努尔,XNE,sz
002486,嘉麟杰,JLJ,sz
002487,大金重工,DJCG,sz
002488,金固股份,JGGF,sz
002489,浙江永强,ZJYQ,sz
002490,山东墨龙,SDML,sz
002491,通鼎互联,TDHL,sz
002492,恒基达鑫,HJDX,sz
002493,荣盛石化,RCDH,sz
002494,华斯股份,HSGF,sz
002495,佳隆股份,JLGF,sz
002496,*ST辉丰,*STHF,sz
002497,雅化集团,YHJT,sz
002498,汉缆股份,HLGF,sz
002499,*ST科林,*STKL,sz
002500,山西证券,SXZX,sz
002501,*ST利源,*STLY,sz
002502,*ST鼎龙,*STDL,sz
002503,搜于特,SYT,sz
002504,弘高创意,HGCY,sz
002505,大康农业,DKNY,sz
002506,协鑫集成,XXJC,sz
002507,涪陵榨菜,FLZC,sz
002508,老板电器,LBDQ,sz
002510,天汽模,TQM,sz
002511,中顺洁柔,ZSJR,sz
002512,达华智能,DHZN,sz
002513,*ST蓝丰,*STLF,sz
002514,宝馨科技,BXKJ,sz
002515,金字火腿,JZHT,sz
002516,旷达科技,KDKJ,sz
002517,恺英网络,KYWL,sz
002518,科士达,KSD,sz
002519,银河电子,YHDZ,sz
002520,日发精机,RFJJ,sz
002521,齐峰新材,QFXC,sz
002522,浙江众成,ZJZC,sz
002523,天桥起重,TQQC,sz
002524,光正集团,GZJT,sz
002526,山东矿机,SDKJ,sz
002527,新时达,XSD,sz
002528,英飞拓,YFT,sz
002529,*ST海源,*STHY,sz
002530,金财互联,JCHL,sz
002531,天顺风能,TSFN,sz
002532,新界泵业,XJBY,sz
002533,金杯电工,JBDG,sz
002534,杭锅股份,HGGF,sz
002535,*ST林重,*STLC,sz
002536,飞龙股份,FLGF,sz
002537,海联金汇,HLJH,sz
002538,司尔特,SET,sz
002539,云图控股,YTKG,sz
002540,亚太科技,YTKJ,sz
002541,鸿路钢构,HLGG,sz
002542,中化岩土,ZHYT,sz
002543,万和电气,MHDQ,sz
002544,杰赛科技,JSKJ,sz
002545,东方铁塔,DFTT,sz
002546,新联电子,XLDZ,sz
002547,春兴精工,CXJG,sz
002548,金新农,JXN,sz
002549,凯美特气,KMTQ,sz
002550,千红制药,QHZY,sz
002551,尚荣医疗,SRYL,sz
002552,宝鼎科技,BDKJ,sz
002553,南方轴承,NFZC,sz
002554,惠博普,HBP,sz
002555,三七互娱,SQHY,sz
002556,辉隆股份,HLGF,sz
002557,洽洽食品,QQSP,sz
002558,巨人网络,JRWL,sz
002559,亚威股份,YWGF,sz
002560,通达股份,TDGF,sz
002561,徐家汇,XJH,sz
002562,兄弟科技,XDKJ,sz
002563,森马服饰,SMFS,sz
002564,天沃科技,TWKJ,sz
002565,顺灏股份,SHGF,sz
002566,益盛药业,YCYY,sz
002567,唐人神,TRS,sz
002568,百润股份,BRGF,sz
002569,ST步森,STBS,sz
002570,贝因美,BYM,sz
002571,德力股份,DLGF,sz
002572,索菲亚,SFY,sz
002573,清新环境,QXHJ,sz
002574,明牌珠宝,MPZB,sz
002575,*ST群兴,*STQX,sz
002576,通达动力,TDDL,sz
002577,雷柏科技,LBKJ,sz
002578,闽发铝业,MFL:Y,sz
002579,中京电子,ZJDZ,sz
002580,圣阳股份,SYGF,sz
002581,未名医药,WMYY,sz
002582,好想你,HXN,sz
002583,海能达,HND,sz
002584,西陇科学,XLKX,sz
002585,双星新材,SXXC,sz
002586,*ST围海,*STWH,sz
002587,奥拓电子,ATDZ,sz
002588,史丹利,SDL,sz
002589,瑞康医药,RKYY,sz
002590,万安科技,MAKJ,sz
002591,恒大高新,HDGX,sz
002592,八菱科技,BLKJ,sz
002593,日上集团,RSJT,sz
002594,比亚迪,BYD,sz
002595,豪迈科技,HMKJ,sz
002596,海南瑞泽,HNRZ,sz
002597,金禾实业,JHSY,sz
002598,山东章鼓,SDZG,sz
002599,盛通股份,CTGF,sz
002600,领益智造,LYZZ,sz
002601,龙蟒佰利,LMBL,sz
002602,世纪华通,SJHT,sz
002603,以岭药业,YLYY,sz
002605,姚记科技,YJKJ,sz
002606,大连电瓷,DLDC,sz
002607,中公教育,ZGJY,sz
002608,江苏国信,JSGX,sz
002609,捷顺科技,JSKJ,sz
002610,爱康科技,AKKJ,sz
002611,东方精工,DFJG,sz
002612,朗姿股份,LZGF,sz
002613,北玻股份,BBGF,sz
002614,奥佳华,AJH,sz
002615,哈尔斯,HES,sz
002616,长青集团,ZQJT,sz
002617,露笑科技,LXKJ,sz
002618,丹邦科技,DBKJ,sz
002619,艾格拉斯,YGLS,sz
002620,瑞和股份,RHGF,sz
002621,美吉姆,MJM,sz
002622,融钰集团,RYJT,sz
002623,亚玛顿,YMD,sz
002624,完美世界,WMSJ,sz
002625,光启技术,GQJS,sz
002626,金达威,JDW,sz
002627,宜昌交运,YCJY,sz
002628,成都路桥,CDLQ,sz
002629,*ST仁智,*STRZ,sz
002630,华西能源,HXNY,sz
002631,德尔未来,DEWL,sz
002632,道明光学,DMGX,sz
002633,申科股份,SKGF,sz
002634,棒杰股份,BJGF,sz
002635,安洁科技,AJKJ,sz
002636,金安国纪,JAGJ,sz
002637,赞宇科技,ZYKJ,sz
002638,勤上股份,QSGF,sz
002639,雪人股份,XRGF,sz
002640,跨境通,KJT,sz
002641,永高股份,YGGF,sz
002642,荣之联,RZL,sz
002643,万润股份,MRGF,sz
002644,佛慈制药,FCZY,sz
002645,华宏科技,HHKJ,sz
002646,青青稞酒,QQKJ,sz
002647,仁东控股,RDKG,sz
002648,卫星石化,WXDH,sz
002649,博彦科技,BYKJ,sz
002650,ST加加,STJJ,sz
002651,利君股份,LJGF,sz
002652,扬子新材,YZXC,sz
002653,海思科,HSK,sz
002654,万润科技,MRKJ,sz
002655,共达电声,GDDS,sz
002656,ST摩登,STMD,sz
002657,中科金财,ZKJC,sz
002658,雪迪龙,XDL,sz
002659,凯文教育,KWJY,sz
002660,茂硕电源,MSDY,sz
002661,克明面业,KMMY,sz
002662,京威股份,JWGF,sz
002663,普邦股份,PBGF,sz
002664,长鹰信质,ZYXZ,sz
002665,首航高科,SHGK,sz
002666,德联集团,DLJT,sz
002667,鞍重股份,ACGF,sz
002668,奥马电器,AMDQ,sz
002669,康达新材,KDXC,sz
002670,国盛金控,GCJK,sz
002671,龙泉股份,LQGF,sz
002672,东江环保,DJHB,sz
002673,西部证券,XBZX,sz
002674,兴业科技,XYKJ,sz
002675,东诚药业,DCYY,sz
002676,顺威股份,SWGF,sz
002677,浙江美大,ZJMD,sz
002678,珠江钢琴,ZJGQ,sz
002679,福建金森,FJJS,sz
002681,*ST奋达,*STFD,sz
002682,龙洲股份,LZGF,sz
002683,宏大爆破,HDBP,sz
002684,*ST猛狮,*STMS,sz
002685,华东重机,HDCJ,sz
002686,亿利达,YLD,sz
002687,乔治白,QZB,sz
002688,金河生物,JHSW,sz
002689,远大智能,YDZN,sz
002690,美亚光电,MYGD,sz
002691,冀凯股份,JKGF,sz
002692,ST远程,STYC,sz
002693,双成药业,SCYY,sz
002694,顾地科技,GDKJ,sz
002695,煌上煌,HSH,sz
002696,百洋股份,BYGF,sz
002697,红旗连锁,HQLS,sz
002698,博实股份,BSGF,sz
002699,美盛文化,MCWH,sz
002700,ST浩源,STHY,sz
002701,奥瑞金,ARJ,sz
002702,海欣食品,HXSP,sz
002703,浙江世宝,ZJSB,sz
002705,新宝股份,XBGF,sz
002706,良信电器,LXDQ,sz
002707,众信旅游,ZXL:Y,sz
002708,光洋股份,GYGF,sz
002709,天赐材料,TCCL,sz
002712,思美传媒,SMCM,sz
002713,东易日盛,DYRC,sz
002714,牧原股份,MYGF,sz
002715,登云股份,DYGF,sz
002716,*ST金贵,*STJG,sz
002717,岭南股份,LNGF,sz
002718,友邦吊顶,YBDD,sz
002719,*ST麦趣,*STMQ,sz
002721,金一文化,JYWH,sz
002722,金轮股份,JLGF,sz
002723,金莱特,JLT,sz
002724,海洋王,HYW,sz
002725,跃岭股份,YLGF,sz
002726,龙大肉食,LDRS,sz
002727,一心堂,YXT,sz
002728,特一药业,TYYY,sz
002729,好利来,HLL,sz
002730,电光科技,DGKJ,sz
002731,萃华珠宝,CHZB,sz
002732,燕塘乳业,YTRY,sz
002733,雄韬股份,XTGF,sz
002734,利民股份,LMGF,sz
002735,王子新材,WZXC,sz
002736,国信证券,GXZX,sz
002737,葵花药业,KHYY,sz
002738,中矿资源,ZKZY,sz
002739,万达电影,MDDY,sz
002740,爱迪尔,ADE,sz
002741,光华科技,GHKJ,sz
002742,三圣股份,SSGF,sz
002743,富煌钢构,FHGG,sz
002745,木林森,MLS,sz
002746,仙坛股份,XTGF,sz
002747,埃斯顿,ASD,sz
002748,世龙实业,SLSY,sz
002749,国光股份,GGGF,sz
002750,龙津药业,LJYY,sz
002751,易尚展示,YSZS,sz
002752,昇兴股份,SXGF,sz
002753,永东股份,YDGF,sz
002755,奥赛康,ASK,sz
002756,永兴材料,YXCL,sz
002757,南兴股份,NXGF,sz
002758,华通医药,HTYY,sz
002759,天际股份,TJGF,sz
002760,凤形股份,FXGF,sz
002761,多喜爱,DXA,sz
002762,金发拉比,JFLB,sz
002763,汇洁股份,HJGF,sz
002765,蓝黛传动,LDCD,sz
002766,*ST索菱,*STSL,sz
002767,先锋电子,XFDZ,sz
002768,国恩股份,GEGF,sz
002769,普路通,PLT,sz
002770,科迪乳业,KDRY,sz
002771,真视通,ZST,sz
002772,众兴菌业,ZXJY,sz
002773,康弘药业,KHYY,sz
002774,快意电梯,KYDT,sz
002775,文科园林,WKYL,sz
002776,柏堡龙,BBL,sz
002777,久远银海,JYYH,sz
002778,高科石化,GKDH,sz
002779,中坚科技,ZJKJ,sz
002780,三夫户外,SFHW,sz
002781,奇信股份,JXGF,sz
002782,可立克,KLK,sz
002783,凯龙股份,KLGF,sz
002785,万里石,MLD,sz
002786,银宝山新,YBSX,sz
002787,华源控股,HYKG,sz
002788,鹭燕医药,LYYY,sz
002789,建艺集团,JYJT,sz
002790,瑞尔特,RET,sz
002791,坚朗五金,JLWJ,sz
002792,通宇通讯,TYTX,sz
002793,罗欣药业,LXYY,sz
002795,永和智控,YHZK,sz
002796,世嘉科技,SJKJ,sz
002797,第一创业,DYCY,sz
002798,帝欧家居,DOJJ,sz
002799,环球印务,HQYW,sz
002800,天顺股份,TSGF,sz
002801,微光股份,WGGF,sz
002802,洪汇新材,HHXC,sz
002803,吉宏股份,JHGF,sz
002805,丰元股份,FYGF,sz
002806,华锋股份,HFGF,sz
002807,江阴银行,JYYH,sz
002808,恒久科技,HJKJ,sz
002809,红墙股份,HQGF,sz
002810,山东赫达,SDHD,sz
002811,郑中设计,ZZSJ,sz
002812,恩捷股份,EJGF,sz
002813,路畅科技,LCKJ,sz
002815,崇达技术,CDJS,sz
002816,和科达,HKD,sz
002817,黄山胶囊,HSJN,sz
002818,富森美,FSM,sz
002819,东方中科,DFZK,sz
002820,桂发祥,GFX,sz
002821,凯莱英,KLY,sz
002822,中装建设,ZZJS,sz
002823,凯中精密,KZJM,sz
002824,和胜股份,HSGF,sz
002825,纳尔股份,NEGF,sz
002826,易明医药,YMYY,sz
002827,高争民爆,GZMB,sz
002828,贝肯能源,BKNY,sz
002829,星网宇达,XWYD,sz
002830,名雕股份,MDGF,sz
002831,裕同科技,YTKJ,sz
002832,比音勒芬,BYLF,sz
002833,弘亚数控,HYSK,sz
002835,同为股份,TWGF,sz
002836,新宏泽,XHZ,sz
002837,英维克,YWK,sz
002838,道恩股份,DEGF,sz
002839,张家港行,ZJGH,sz
002840,华统股份,HTGF,sz
002841,视源股份,SYGF,sz
002842,翔鹭钨业,XLWY,sz
002843,泰嘉股份,TJGF,sz
002845,同兴达,TXD,sz
002846,英联股份,YLGF,sz
002847,盐津铺子,YJPZ,sz
002848,高斯贝尔,GSBE,sz
002849,威星智能,WXZN,sz
002850,科达利,KDL,sz
002851,麦格米特,MGMT,sz
002852,道道全,DDQ,sz
002853,皮阿诺,PAN,sz
002855,捷荣技术,JRJS,sz
002856,美芝股份,MZGF,sz
002857,三晖电气,SHDQ,sz
002858,力盛赛车,LCSJ,sz
002859,洁美科技,JMKJ,sz
002860,星帅尔,XSE,sz
002861,瀛通通讯,YTTX,sz
002862,实丰文化,SFWH,sz
002863,今飞凯达,JFKD,sz
002864,盘龙药业,PLYY,sz
002865,钧达股份,JDGF,sz
002866,传艺科技,CYKJ,sz
002867,周大生,ZDS,sz
002868,绿康生化,LKSH,sz
002869,金溢科技,JYKJ,sz
002870,香山股份,XSGF,sz
002871,伟隆股份,WLGF,sz
002872,*ST天圣,*STTS,sz
002873,新天药业,XTYY,sz
002875,安奈儿,ANE,sz
002876,三利谱,SLP,sz
002877,智能自控,ZNZK,sz
002878,元隆雅图,YLYT,sz
002879,长缆科技,ZLKJ,sz
002880,卫光生物,WGSW,sz
002881,美格智能,MGZN,sz
002882,金龙羽,JLY,sz
002883,中设股份,ZSGF,sz
002884,凌霄泵业,LXBY,sz
002885,京泉华,JQH,sz
002886,沃特股份,WTGF,sz
002887,绿茵生态,LYST,sz
002888,惠威科技,HWKJ,sz
002889,东方嘉盛,DFJC,sz
002890,弘宇股份,HYGF,sz
002891,中宠股份,ZCGF,sz
002892,科力尔,KLE,sz
002893,华通热力,HTRL,sz
002895,川恒股份,CHGF,sz
002896,中大力德,ZDLD,sz
002897,意华股份,YHGF,sz
002898,赛隆药业,SLYY,sz
002899,英派斯,YPS,sz
002900,哈三联,HSL,sz
002901,大博医疗,DBYL,sz
002902,铭普光磁,MPGC,sz
002903,宇环数控,YHSK,sz
002905,金逸影视,JYYS,sz
002906,华阳集团,HYJT,sz
002907,华森制药,HSZY,sz
002908,德生科技,DSKJ,sz
002909,集泰股份,JTGF,sz
002910,庄园牧场,ZYMC,sz
002911,佛燃能源,FRNY,sz
002912,中新赛克,ZXSK,sz
002913,奥士康,ASK,sz
002915,中欣氟材,ZXFC,sz
002916,深南电路,SNDL,sz
002917,金奥博,JAB,sz
002918,蒙娜丽莎,MNLS,sz
002919,名臣健康,MCJK,sz
002920,德赛西威,DSXW,sz
002921,联诚精密,LCJM,sz
002922,伊戈尔,YGE,sz
002923,润都股份,RDGF,sz
002925,盈趣科技,YQKJ,sz
002926,华西证券,HXZX,sz
002927,泰永长征,TYZZ,sz
002928,华夏航空,HXHK,sz
002929,润建股份,RJGF,sz
002930,宏川智慧,HCZH,sz
002931,锋龙股份,FLGF,sz
002932,明德生物,MDSW,sz
002933,新兴装备,XXZB,sz
002935,天奥电子,TADZ,sz
002936,郑州银行,ZZYH,sz
002937,兴瑞科技,XRKJ,sz
002938,鹏鼎控股,PDKG,sz
002939,长城证券,ZCZX,sz
002940,昂利康,ALK,sz
002941,新疆交建,XJJJ,sz
002942,新农股份,XNGF,sz
002943,宇晶股份,YJGF,sz
002945,华林证券,HLZX,sz
002946,新乳业,XRY,sz
002947,恒铭达,HMD,sz
002948,青岛银行,QDYH,sz
002949,华阳国际,HYGJ,sz
002950,奥美医疗,AMYL,sz
002951,金时科技,JSKJ,sz
002952,亚世光电,YSGD,sz
002953,日丰股份,RFGF,sz
002955,鸿合科技,HGKJ,sz
002956,西麦食品,XMSP,sz
002957,科瑞技术,KRJS,sz
002958,青农商行,QNSH,sz
002959,小熊电器,XXDQ,sz
002960,青鸟消防,QNXF,sz
002961,瑞达期货,RDQH,sz
002962,五方光电,WFGD,sz
002963,豪尔赛,HES,sz
002965,祥鑫科技,XXKJ,sz
002966,苏州银行,SZYH,sz
002967,广电计量,GDJL,sz
002968,新大正,XDZ,sz
002969,嘉美包装,JMBZ,sz
002970,锐明技术,RMJS,sz
002971,和远气体,HYQT,sz
002972,科安达,KAD,sz
002973,侨银环保,QYHB,sz
002975,博杰股份,BJGF,sz
002976,瑞玛工业,RMGY,sz
002977,天箭科技,TJKJ,sz
002978,安宁股份,ANGF,sz
002979,雷赛智能,LSZN,sz
002980,华盛昌,HCC,sz
002981,朝阳科技,CYKJ,sz
002982,湘佳股份,XJGF,sz
002983,芯瑞达,XRD,sz
002985,北摩高科,BMGK,sz
002986,宇新股份,YXGF,sz
002987,京北方,JBF,sz
002988,豪美新材,HMXC,sz
002989,中天精装,ZTJZ,sz
002990,盛视科技,CSKJ,sz
003816,中国广核,ZGGH,sz
300001,特锐德,TRD,sz
300002,神州泰岳,SZTY,sz
300003,乐普医疗,LPYL,sz
300004,南风股份,NFGF,sz
300005,探路者,TLZ,sz
300006,莱美药业,LMYY,sz
300007,汉威科技,HWKJ,sz
300008,天海防务,THFW,sz
300009,安科生物,AKSW,sz
300010,立思辰,LSC,sz
300011,鼎汉技术,DHJS,sz
300012,华测检测,HCJC,sz
300013,新宁物流,XNWL,sz
300014,亿纬锂能,YWLN,sz
300015,爱尔眼科,AEYK,sz
300016,北陆药业,BLYY,sz
300017,网宿科技,WXKJ,sz
300018,中元股份,ZYGF,sz
300019,硅宝科技,GBKJ,sz
300020,银江股份,YJGF,sz
300021,大禹节水,DYJS,sz
300022,吉峰科技,JFKJ,sz
300023,宝德股份,BDGF,sz
300024,机器人,JQR,sz
300025,华星创业,HXCY,sz
300026,红日药业,HRYY,sz
300027,华谊兄弟,HYXD,sz
300029,天龙光电,TLGD,sz
300030,阳普医疗,YPYL,sz
300031,宝通科技,BTKJ,sz
300032,金龙机电,JLJD,sz
300033,同花顺,THS,sz
300034,钢研高纳,GYGN,sz
300035,中科电气,ZKDQ,sz
300036,超图软件,CTRJ,sz
300037,新宙邦,XZB,sz
300038,数知科技,SZKJ,sz
300039,上海凯宝,SHKB,sz
300040,九洲电气,JZDQ,sz
300041,回天新材,HTXC,sz
300042,朗科科技,LKKJ,sz
300043,星辉娱乐,XHYL,sz
300044,赛为智能,SWZN,sz
300045,华力创通,HLCT,sz
300046,台基股份,TJGF,sz
300047,天源迪科,TYDK,sz
300048,合康新能,GKXN,sz
300049,福瑞股份,FRGF,sz
300050,世纪鼎利,SJDL,sz
300051,三五互联,SWHL,sz
300052,中青宝,ZQB,sz
300053,欧比特,OBT,sz
300054,鼎龙股份,DLGF,sz
300055,万邦达,MBD,sz
300056,中创环保,ZCHB,sz
300057,万顺新材,MSXC,sz
300058,蓝色光标,LSGB,sz
300059,东方财富,DFCF,sz
300061,旗天科技,QTKJ,sz
300062,中能电气,ZNDQ,sz
300063,天龙集团,TLJT,sz
300064,豫金刚石,YJGD,sz
300065,海兰信,HLX,sz
300066,三川智慧,SCZH,sz
300067,安诺其,ANQ,sz
300068,南都电源,NDDY,sz
300069,金利华电,JLHD,sz
300070,碧水源,BSY,sz
300071,华谊嘉信,HYJX,sz
300072,三聚环保,SJHB,sz
300073,当升科技,DSKJ,sz
300074,华平股份,HPGF,sz
300075,数字政通,SZZT,sz
300076,GQY视讯,GQYSX,sz
300077,国民技术,GMJS,sz
300078,思创医惠,SCYH,sz
300079,数码科技,SMKJ,sz
300080,易成新能,YCXN,sz
300081,恒信东方,HXDF,sz
300082,奥克股份,AKGF,sz
300083,劲胜智能,JSZN,sz
300084,海默科技,HMKJ,sz
300085,银之杰,YZJ,sz
300086,康芝药业,KZYY,sz
300087,荃银高科,QYGK,sz
300088,长信科技,ZXKJ,sz
300089,文化长城,WHZC,sz
300090,盛运环保,CYHB,sz
300091,金通灵,JTL,sz
300092,科新机电,KXJD,sz
300093,金刚玻璃,JGBL,sz
300094,国联水产,GLSC,sz
300095,华伍股份,HWGF,sz
300096,易联众,YLZ,sz
300097,智云股份,ZYGF,sz
300098,高新兴,GXX,sz
300099,精准信息,JZXX,sz
300100,双林股份,SLGF,sz
300101,振芯科技,ZXKJ,sz
300102,乾照光电,QZGD,sz
300103,达刚控股,DGKG,sz
300105,龙源技术,LYJS,sz
300106,西部牧业,XBMY,sz
300107,建新股份,JXGF,sz
300108,吉药控股,JYKG,sz
300109,新开源,XKY,sz
300110,华仁药业,HRYY,sz
300111,向日葵,XRK,sz
300112,万讯自控,MXZK,sz
300113,顺网科技,SWKJ,sz
300114,中航电测,ZHDC,sz
300115,长盈精密,ZYJM,sz
300116,坚瑞沃能,JRWN,sz
300117,嘉寓股份,JYGF,sz
300118,东方日升,DFRS,sz
300119,瑞普生物,RPSW,sz
300120,经纬辉开,JWHK,sz
300121,阳谷华泰,YGHT,sz
300122,智飞生物,ZFSW,sz
300123,亚光科技,YGKJ,sz
300124,汇川技术,HCJS,sz
300125,聆达股份,LDGF,sz
300126,锐奇股份,RJGF,sz
300127,银河磁体,YHCT,sz
300128,锦富技术,JFJS,sz
300129,泰胜风能,TSFN,sz
300130,新国都,XGD,sz
300131,英唐智控,YTZK,sz
300132,青松股份,QSGF,sz
300133,华策影视,HCYS,sz
300134,大富科技,DFKJ,sz
300135,宝利国际,BLGJ,sz
300136,信维通信,XWTX,sz
300137,先河环保,XHHB,sz
300138,晨光生物,CGSW,sz
300139,晓程科技,XCKJ,sz
300140,中环装备,ZHZB,sz
300141,和顺电气,HSDQ,sz
300142,沃森生物,WSSW,sz
300143,盈康生命,YKSM,sz
300144,宋城演艺,SCYY,sz
300145,中金环境,ZJHJ,sz
300146,汤臣倍健,TCBJ,sz
300147,香雪制药,XXZY,sz
300148,天舟文化,TZWH,sz
300149,量子生物,LZSW,sz
300150,世纪瑞尔,SJRE,sz
300151,昌红科技,CHKJ,sz
300152,科融环境,KRHJ,sz
300153,科泰电源,KTDY,sz
300154,瑞凌股份,RLGF,sz
300155,安居宝,AJB,sz
300156,神雾环保,SWHB,sz
300157,恒泰艾普,HTYP,sz
300158,振东制药,ZDZY,sz
300159,新研股份,XYGF,sz
300160,秀强股份,XQGF,sz
300161,华中数控,HZSK,sz
300162,雷曼光电,LMGD,sz
300163,先锋新材,XFXC,sz
300164,通源石油,TYDY,sz
300165,天瑞仪器,TRYQ,sz
300166,东方国信,DFGX,sz
300167,迪威迅,DWX,sz
300168,万达信息,MDXX,sz
300169,天晟新材,TSXC,sz
300170,汉得信息,HDXX,sz
300171,东富龙,DFL,sz
300172,中电环保,ZDHB,sz
300173,智慧松德,ZHSD,sz
300174,元力股份,YLGF,sz
300175,朗源股份,LYGF,sz
300176,派生科技,PSKJ,sz
300177,中海达,ZHD,sz
300178,腾邦国际,TBGJ,sz
300179,四方达,SFD,sz
300180,华峰超纤,HFCQ,sz
300181,佐力药业,ZLYY,sz
300182,捷成股份,JCGF,sz
300183,东软载波,DRZB,sz
300184,力源信息,LYXX,sz
300185,通裕重工,TYCG,sz
300187,永清环保,YQHB,sz
300188,美亚柏科,MYBK,sz
300189,神农科技,SNKJ,sz
300190,维尔利,WEL,sz
300191,潜能恒信,QNHX,sz
300192,科斯伍德,KSWD,sz
300193,佳士科技,JSKJ,sz
300194,福安药业,FAYY,sz
300195,长荣股份,ZRGF,sz
300196,长海股份,ZHGF,sz
300197,铁汉生态,THST,sz
300198,纳川股份,NCGF,sz
300199,翰宇药业,HYYY,sz
300200,高盟新材,GMXC,sz
300201,海伦哲,HLZ,sz
300202,聚龙股份,JLGF,sz
300203,聚光科技,JGKJ,sz
300204,舒泰神,STS,sz
300205,天喻信息,TYXX,sz
300206,理邦仪器,LBYQ,sz
300207,欣旺达,XWD,sz
300208,青岛中程,QDZC,sz
300209,天泽信息,TZXX,sz
300210,森远股份,SYGF,sz
300211,亿通科技,YTKJ,sz
300212,易华录,YHL,sz
300213,佳讯飞鸿,JXFH,sz
300214,日科化学,RKHX,sz
300215,电科院,DKY,sz
300217,东方电热,DFDR,sz
300218,安利股份,ALGF,sz
300219,鸿利智汇,HLZH,sz
300220,金运激光,JYJG,sz
300221,银禧科技,YXKJ,sz
300222,科大智能,KDZN,sz
300223,北京君正,BJJZ,sz
300224,正海磁材,ZHCC,sz
300225,金力泰,JLT,sz
300226,上海钢联,SHGL,sz
300227,光韵达,GYD,sz
300228,富瑞特装,FRTZ,sz
300229,拓尔思,TES,sz
300230,永利股份,YLGF,sz
300231,银信科技,YXKJ,sz
300232,洲明科技,ZMKJ,sz
300233,金城医药,JCYY,sz
300234,开尔新材,KEXC,sz
300235,方直科技,FZKJ,sz
300236,上海新阳,SHXY,sz
300237,美晨生态,MCST,sz
300238,冠昊生物,GHSW,sz
300239,东宝生物,DBSW,sz
300240,飞力达,FLD,sz
300241,瑞丰光电,RFGD,sz
300242,佳云科技,JYKJ,sz
300243,瑞丰高材,RFGC,sz
300244,迪安诊断,DAZD,sz
300245,天玑科技,TJKJ,sz
300246,宝莱特,BLT,sz
300247,融捷健康,RJJK,sz
300248,新开普,XKP,sz
300249,依米康,YMK,sz
300250,初灵信息,CLXX,sz
300251,光线传媒,GXCM,sz
300252,金信诺,JXN,sz
300253,卫宁健康,WNJK,sz
300254,仟源医药,QYYY,sz
300255,常山药业,CSYY,sz
300256,星星科技,XXKJ,sz
300257,开山股份,KSGF,sz
300258,精锻科技,JDKJ,sz
300259,新天科技,XTKJ,sz
300260,新莱应材,XLYC,sz
300261,雅本化学,YBHX,sz
300262,巴安水务,BASW,sz
300263,隆华科技,LHKJ,sz
300264,佳创视讯,JCSX,sz
300265,通光线缆,TGXL,sz
300266,兴源环境,XYHJ,sz
300267,尔康制药,EKZY,sz
300268,佳沃股份,JWGF,sz
300269,联建光电,LJGD,sz
300270,中威电子,ZWDZ,sz
300271,华宇软件,HYRJ,sz
300272,开能健康,KNJK,sz
300273,和佳医疗,HJYL,sz
300274,阳光电源,YGDY,sz
300275,梅安森,MAS,sz
300276,三丰智能,SFZN,sz
300277,海联讯,HLX,sz
300278,华昌达,HCD,sz
300279,和晶科技,HJKJ,sz
300280,紫天科技,ZTKJ,sz
300281,金明精机,JMJJ,sz
300282,三盛教育,SCJY,sz
300283,温州宏丰,WZHF,sz
300284,苏交科,SJK,sz
300285,国瓷材料,GCCL,sz
300286,安科瑞,AKR,sz
300287,飞利信,FLX,sz
300288,朗玛信息,LMXX,sz
300289,利德曼,LDM,sz
300290,荣科科技,RKKJ,sz
300291,华录百纳,HLBN,sz
300292,吴通控股,WTKG,sz
300293,蓝英装备,LYZB,sz
300294,博雅生物,BYSW,sz
300295,三六五网,SLWW,sz
300296,利亚德,LYD,sz
300297,蓝盾股份,LDGF,sz
300298,三诺生物,SNSW,sz
300299,富春股份,FCGF,sz
300300,汉鼎宇佑,HDYY,sz
300301,长方集团,ZFJT,sz
300302,同有科技,TYKJ,sz
300303,聚飞光电,JFGD,sz
300304,云意电气,YYDQ,sz
300305,裕兴股份,YXGF,sz
300306,远方信息,YFXX,sz
300307,慈星股份,CXGF,sz
300308,中际旭创,ZJXC,sz
300309,吉艾科技,JYKJ,sz
300310,宜通世纪,YTSJ,sz
300311,任子行,RZH,sz
300312,邦讯技术,BXJS,sz
300313,天山生物,TSSW,sz
300314,戴维医疗,DWYL,sz
300315,掌趣科技,ZQKJ,sz
300316,晶盛机电,JCJD,sz
300317,珈伟新能,JWXN,sz
300318,博晖创新,BHCX,sz
300319,麦捷科技,MJKJ,sz
300320,海达股份,HDGF,sz
300321,同大股份,TDGF,sz
300322,硕贝德,SBD,sz
300323,华灿光电,HCGD,sz
300324,旋极信息,XJXX,sz
300325,德威新材,DWXC,sz
300326,凯利泰,KLT,sz
300327,中颖电子,ZYDZ,sz
300328,宜安科技,YAKJ,sz
300329,海伦钢琴,HLGQ,sz
300330,华虹计通,HJJT,sz
300331,苏大维格,SDWG,sz
300332,天壕环境,THHJ,sz
300333,兆日科技,ZRKJ,sz
300334,津膜科技,JMKJ,sz
300335,迪森股份,DSGF,sz
300336,新文化,XWH,sz
300337,银邦股份,YBGF,sz
300338,开元股份,KYGF,sz
300339,润和软件,RHRJ,sz
300340,科恒股份,KHGF,sz
300341,麦克奥迪,MKAD,sz
300342,天银机电,TYJD,sz
300343,联创股份,LCGF,sz
300344,太空智造,TKZZ,sz
300345,红宇新材,HYXC,sz
300346,南大光电,NDGD,sz
300347,泰格医药,TGYY,sz
300348,长亮科技,ZLKJ,sz
300349,金卡智能,JKZN,sz
300350,华鹏飞,HPF,sz
300351,永贵电器,YGDQ,sz
300352,北信源,BXY,sz
300353,东土科技,DTKJ,sz
300354,东华测试,DHCS,sz
300355,蒙草生态,MCST,sz
300356,光一科技,GYKJ,sz
300357,我武生物,WWSW,sz
300358,楚天科技,CTKJ,sz
300359,全通教育,QTJY,sz
300360,炬华科技,JHKJ,sz
300363,博腾股份,BTGF,sz
300364,中文在线,ZWZX,sz
300365,恒华科技,HHKJ,sz
300366,创意信息,CYXX,sz
300367,东方网力,DFWL,sz
300368,汇金股份,HJGF,sz
300369,绿盟科技,LMKJ,sz
300370,安控科技,AKKJ,sz
300371,汇中股份,HZGF,sz
300373,扬杰科技,YJKJ,sz
300374,恒通科技,HTKJ,sz
300375,鹏翎股份,PLGF,sz
300376,易事特,YST,sz
300377,赢时胜,YSS,sz
300378,鼎捷软件,DJRJ,sz
300379,东方通,DFT,sz
300380,安硕信息,ASXX,sz
300381,溢多利,YDL,sz
300382,斯莱克,SLK,sz
300383,光环新网,GHXW,sz
300384,三联虹普,SLJP,sz
300385,雪浪环境,XLHJ,sz
300386,飞天诚信,FTCX,sz
300387,富邦股份,FBGF,sz
300388,国祯环保,GZHB,sz
300389,艾比森,YBS,sz
300390,天华超净,THCJ,sz
300391,康跃科技,KYKJ,sz
300392,腾信股份,TXGF,sz
300393,中来股份,ZLGF,sz
300394,天孚通信,TFTX,sz
300395,菲利华,FLH,sz
300396,迪瑞医疗,DRYL,sz
300397,天和防务,THFW,sz
300398,飞凯材料,FKCL,sz
300399,京天利,JTL,sz
300400,劲拓股份,JTGF,sz
300401,花园生物,HYSW,sz
300402,宝色股份,BSGF,sz
300403,汉宇集团,HYJT,sz
300404,博济医药,BJYY,sz
300405,科隆股份,KLGF,sz
300406,九强生物,JQSW,sz
300407,凯发电气,KFDQ,sz
300408,三环集团,SHJT,sz
300409,道氏技术,DSJS,sz
300410,正业科技,ZYKJ,sz
300411,金盾股份,JDGF,sz
300412,迦南科技,JNKJ,sz
300413,芒果超媒,MGCM,sz
300414,中光防雷,ZGFL,sz
300415,伊之密,YZM,sz
300416,苏试试验,SSSY,sz
300417,南华仪器,NHYQ,sz
300418,昆仑万维,KLMW,sz
300419,浩丰科技,HFKJ,sz
300420,五洋停车,WYTJ,sz
300421,力星股份,LXGF,sz
300422,博世科,BSK,sz
300423,鲁亿通,LYT,sz
300424,航新科技,HXKJ,sz
300425,中建环能,ZJHN,sz
300426,唐德影视,TDYS,sz
300427,红相股份,HXGF,sz
300428,四通新材,STXC,sz
300429,强力新材,QLXC,sz
300430,诚益通,CYT,sz
300431,暴风集团,PFJT,sz
300432,富临精工,FLJG,sz
300433,蓝思科技,LSKJ,sz
300434,金石亚药,JDYY,sz
300435,中泰股份,ZTGF,sz
300436,广生堂,GST,sz
300437,清水源,QSY,sz
300438,鹏辉能源,PHNY,sz
300439,美康生物,MKSW,sz
300440,运达科技,YDKJ,sz
300441,鲍斯股份,BSGF,sz
300442,普丽盛,PLC,sz
300443,金雷股份,JLGF,sz
300444,双杰电气,SJDQ,sz
300445,康斯特,KST,sz
300446,乐凯新材,LKXC,sz
300447,全信股份,QXGF,sz
300448,浩云科技,HYKJ,sz
300449,汉邦高科,HBGK,sz
300450,先导智能,XDZN,sz
300451,创业慧康,CYHK,sz
300452,山河药辅,SHYF,sz
300453,三鑫医疗,SXYL,sz
300454,深信服,SXF,sz
300455,康拓红外,KTHW,sz
300456,赛微电子,SWDZ,sz
300457,赢合科技,YGKJ,sz
300458,全志科技,QZKJ,sz
300459,金科文化,JKWH,sz
300460,惠伦晶体,HLJT,sz
300461,田中精机,TZJJ,sz
300462,华铭智能,HMZN,sz
300463,迈克生物,MKSW,sz
300464,星徽精密,XHJM,sz
300465,高伟达,GWD,sz
300466,赛摩智能,SMZN,sz
300467,迅游科技,XYKJ,sz
300468,四方精创,SFJC,sz
300469,信息发展,XXFZ,sz
300470,中密控股,ZMKG,sz
300471,厚普股份,HPGF,sz
300472,新元科技,XYKJ,sz
300473,德尔股份,DEGF,sz
300474,景嘉微,JJW,sz
300475,聚隆科技,JLKJ,sz
300476,胜宏科技,SHKJ,sz
300477,合纵科技,GZKJ,sz
300478,杭州高新,HZGX,sz
300479,神思电子,SSDZ,sz
300480,光力科技,GLKJ,sz
300481,濮阳惠成,PYHC,sz
300482,万孚生物,MFSW,sz
300483,沃施股份,WSGF,sz
300484,蓝海华腾,LHHT,sz
300485,赛升药业,SSYY,sz
300486,东杰智能,DJZN,sz
300487,蓝晓科技,LXKJ,sz
300488,恒锋工具,HFGJ,sz
300489,中飞股份,ZFGF,sz
300490,华自科技,HZKJ,sz
300491,通合科技,TGKJ,sz
300492,华图山鼎,HTSD,sz
300493,润欣科技,RXKJ,sz
300494,盛天网络,CTWL,sz
300495,美尚生态,MSST,sz
300496,中科创达,ZKCD,sz
300497,富祥药业,FXYY,sz
300498,温氏股份,WSGF,sz
300499,高澜股份,GLGF,sz
300500,启迪设计,QDSJ,sz
300501,海顺新材,HSXC,sz
300502,新易盛,XYC,sz
300503,昊志机电,HZJD,sz
300504,天邑股份,TYGF,sz
300505,川金诺,CJN,sz
300506,名家汇,MJH,sz
300507,苏奥传感,SACG,sz
300508,维宏股份,WHGF,sz
300509,新美星,XMX,sz
300510,金冠股份,JGGF,sz
300511,雪榕生物,XRSW,sz
300512,中亚股份,ZYGF,sz
300513,恒实科技,HSKJ,sz
300514,友讯达,YXD,sz
300515,三德科技,SDKJ,sz
300516,久之洋,JZY,sz
300517,海波重科,HBCK,sz
300518,盛讯达,CXD,sz
300519,新光药业,XGYY,sz
300520,科大国创,KDGC,sz
300521,爱司凯,ASK,sz
300522,世名科技,SMKJ,sz
300523,辰安科技,CAKJ,sz
300525,博思软件,BSRJ,sz
300526,中潜股份,ZQGF,sz
300527,中船应急,ZCYJ,sz
300528,幸福蓝海,XFLH,sz
300529,健帆生物,JFSW,sz
300530,达志科技,DZKJ,sz
300531,优博讯,YBX,sz
300532,今天国际,JTGJ,sz
300533,冰川网络,BCWL,sz
300534,陇神戎发,LSRF,sz
300535,达威股份,DWGF,sz
300536,农尚环境,NSHJ,sz
300537,广信材料,GXCL,sz
300538,同益股份,TYGF,sz
300539,横河模具,HHMJ,sz
300540,深冷股份,SLGF,sz
300541,先进数通,XJST,sz
300542,新晨科技,XCKJ,sz
300543,朗科智能,LKZN,sz
300545,联得装备,LDZB,sz
300546,雄帝科技,XDKJ,sz
300547,川环科技,CHKJ,sz
300548,博创科技,BCKJ,sz
300549,优德精密,YDJM,sz
300550,和仁科技,HRKJ,sz
300551,古鳌科技,GAKJ,sz
300552,万集科技,MJKJ,sz
300553,集智股份,JZGF,sz
300554,三超新材,SCXC,sz
300555,路通视信,LTSX,sz
300556,丝路视觉,SLSJ,sz
300557,理工光科,LGGK,sz
300558,贝达药业,BDYY,sz
300559,佳发教育,JFJY,sz
300560,中富通,ZFT,sz
300561,汇金科技,HJKJ,sz
300562,乐心医疗,LXYL,sz
300563,神宇股份,SYGF,sz
300564,筑博设计,ZBSJ,sz
300565,科信技术,KXJS,sz
300566,激智科技,JZKJ,sz
300567,精测电子,JCDZ,sz
300568,星源材质,XYCZ,sz
300569,天能重工,TNCG,sz
300570,太辰光,TCG,sz
300571,平治信息,PZXX,sz
300572,安车检测,AJJC,sz
300573,兴齐眼药,XQYY,sz
300575,中旗股份,ZQGF,sz
300576,容大感光,RDGG,sz
300577,开润股份,KRGF,sz
300578,会畅通讯,HCTX,sz
300579,数字认证,SZRZ,sz
300580,贝斯特,BST,sz
300581,晨曦航空,CXHK,sz
300582,英飞特,YFT,sz
300583,赛托生物,STSW,sz
300584,海辰药业,HCYY,sz
300585,奥联电子,ALDZ,sz
300586,美联新材,MLXC,sz
300587,天铁股份,TTGF,sz
300588,熙菱信息,XLXX,sz
300589,江龙船艇,JLCT,sz
300590,移为通信,YWTX,sz
300591,万里马,MLM,sz
300592,华凯创意,HKCY,sz
300593,新雷能,XLN,sz
300594,朗进科技,LJKJ,sz
300595,欧普康视,OPKS,sz
300596,利安隆,LAL,sz
300597,吉大通信,JDTX,sz
300598,诚迈科技,CMKJ,sz
300599,雄塑科技,XSKJ,sz
300600,瑞特股份,RTGF,sz
300601,康泰生物,KTSW,sz
300602,飞荣达,FRD,sz
300603,立昂技术,LAJS,sz
300604,长川科技,ZCKJ,sz
300605,恒锋信息,HFXX,sz
300606,金太阳,JTY,sz
300607,拓斯达,TSD,sz
300608,思特奇,STJ,sz
300609,汇纳科技,HNKJ,sz
300610,晨化股份,CHGF,sz
300611,美力科技,MLKJ,sz
300612,宣亚国际,XYGJ,sz
300613,富瀚微,FHW,sz
300615,欣天科技,XTKJ,sz
300616,尚品宅配,SPZP,sz
300617,安靠智电,AKZD,sz
300618,寒锐钴业,HRGY,sz
300619,金银河,JYH,sz
300620,光库科技,GKKJ,sz
300621,维业股份,WYGF,sz
300622,博士眼镜,BSYJ,sz
300623,捷捷微电,JJWD,sz
300624,万兴科技,MXKJ,sz
300625,三雄极光,SXJG,sz
300626,华瑞股份,HRGF,sz
300627,华测导航,HCDH,sz
300628,亿联网络,YLWL,sz
300629,新劲刚,XJG,sz
300630,普利制药,PLZY,sz
300631,久吾高科,JWGK,sz
300632,光莆股份,GPGF,sz
300633,开立医疗,KLYL,sz
300634,彩讯股份,CXGF,sz
300635,中达安,ZDA,sz
300636,同和药业,THYY,sz
300637,扬帆新材,YFXC,sz
300638,广和通,GHT,sz
300639,凯普生物,KPSW,sz
300640,德艺文创,DYWC,sz
300641,正丹股份,ZDGF,sz
300642,透景生命,TJSM,sz
300643,万通智控,MTZK,sz
300644,南京聚隆,NJJL,sz
300645,正元智慧,ZYZH,sz
300647,超频三,CPS,sz
300648,星云股份,XYGF,sz
300649,杭州园林,HZYL,sz
300650,太龙照明,TLZM,sz
300651,金陵体育,JLTY,sz
300652,雷迪克,LDK,sz
300653,正海生物,ZHSW,sz
300654,世纪天鸿,SJTH,sz
300655,晶瑞股份,JRGF,sz
300656,民德电子,MDDZ,sz
300657,弘信电子,HXDZ,sz
300658,延江股份,YJGF,sz
300659,中孚信息,ZFXX,sz
300660,江苏雷利,JSLL,sz
300661,圣邦股份,SBGF,sz
300662,科锐国际,KRGJ,sz
300663,科蓝软件,KLRJ,sz
300664,鹏鹞环保,PYHB,sz
300665,飞鹿股份,FLGF,sz
300666,江丰电子,JFDZ,sz
300667,必创科技,BCKJ,sz
300668,杰恩设计,JESJ,sz
300669,沪宁股份,HNGF,sz
300670,大烨智能,DYZN,sz
300671,富满电子,FMDZ,sz
300672,国科微,GKW,sz
300673,佩蒂股份,PDGF,sz
300674,宇信科技,YXKJ,sz
300675,建科院,JKY,sz
300676,华大基因,HDJY,sz
300677,英科医疗,YKYL,sz
300678,中科信息,ZKXX,sz
300679,电连技术,DLJS,sz
300680,隆盛科技,LCKJ,sz
300681,英搏尔,YBE,sz
300682,朗新科技,LXKJ,sz
300683,海特生物,HTSW,sz
300684,中石科技,ZDKJ,sz
300685,艾德生物,YDSW,sz
300686,智动力,ZDL,sz
300687,赛意信息,SYXX,sz
300688,创业黑马,CYHM,sz
300689,澄天伟业,DTWY,sz
300690,双一科技,SYKJ,sz
300691,联合光电,LGGD,sz
300692,中环环保,ZHHB,sz
300693,盛弘股份,CHGF,sz
300694,蠡湖股份,LHGF,sz
300695,兆丰股份,ZFGF,sz
300696,爱乐达,ALD,sz
300697,电工合金,DGGJ,sz
300698,万马科技,MMKJ,sz
300699,光威复材,GWFC,sz
300700,岱勒新材,DLXC,sz
300701,森霸传感,SBCG,sz
300702,天宇股份,TYGF,sz
300703,创源文化,CYWH,sz
300705,九典制药,JDZY,sz
300706,阿石创,ADC,sz
300707,威唐工业,WTGY,sz
300708,聚灿光电,JCGD,sz
300709,精研科技,JYKJ,sz
300710,万隆光电,MLGD,sz
300711,广哈通信,GHTX,sz
300712,永福股份,YFGF,sz
300713,英可瑞,YKR,sz
300715,凯伦股份,KLGF,sz
300716,国立科技,GLKJ,sz
300717,华信新材,HXXC,sz
300718,长盛轴承,ZCZC,sz
300719,安达维尔,ADWE,sz
300720,海川智能,HCZN,sz
300721,怡达股份,YDGF,sz
300722,新余国科,XYGK,sz
300723,一品红,YPH,sz
300724,捷佳伟创,JJWC,sz
300725,药石科技,YDKJ,sz
300726,宏达电子,HDDZ,sz
300727,润禾材料,RHCL,sz
300729,乐歌股份,LGGF,sz
300730,科创信息,KCXX,sz
300731,科创新源,KCXY,sz
300732,设研院,SYY,sz
300733,西菱动力,XLDL,sz
300735,光弘科技,GHKJ,sz
300736,百邦科技,BBKJ,sz
300737,科顺股份,KSGF,sz
300738,奥飞数据,AFSJ,sz
300739,明阳电路,MYDL,sz
300740,御家汇,YJH,sz
300741,华宝股份,HBGF,sz
300742,越博动力,YBDL,sz
300743,天地数码,TDSM,sz
300745,欣锐科技,XRKJ,sz
300746,汉嘉设计,HJSJ,sz
300747,锐科激光,RKJG,sz
300748,金力永磁,JLYC,sz
300749,顶固集创,DGJC,sz
300750,宁德时代,NDSD,sz
300751,迈为股份,MWGF,sz
300752,隆利科技,LLKJ,sz
300753,爱朋医疗,APYL,sz
300755,华致酒行,HZJH,sz
300756,中山金马,ZSJM,sz
300757,罗博特科,LBTK,sz
300758,七彩化学,QCHX,sz
300759,康龙化成,KLHC,sz
300760,迈瑞医疗,MRYL,sz
300761,立华股份,LHGF,sz
300762,上海瀚讯,SHHX,sz
300763,锦浪科技,JLKJ,sz
300765,新诺威,XNW,sz
300766,每日互动,MRHD,sz
300767,震安科技,ZAKJ,sz
300768,迪普科技,DPKJ,sz
300769,德方纳米,DFNM,sz
300770,新媒股份,XMGF,sz
300771,智莱科技,ZLKJ,sz
300772,运达股份,YDGF,sz
300773,拉卡拉,LKL,sz
300775,三角防务,SJFW,sz
300776,帝尔激光,DEJG,sz
300777,中简科技,ZJKJ,sz
300778,新城市,XCS,sz
300779,惠城环保,HCHB,sz
300780,德恩精工,DEJG,sz
300781,因赛集团,YSJT,sz
300782,卓胜微,ZSW,sz
300783,三只松鼠,SZSS,sz
300785,值得买,ZDM,sz
300786,国林科技,GLKJ,sz
300787,海能实业,HNSY,sz
300788,中信出版,ZXCB,sz
300789,唐源电气,TYDQ,sz
300790,宇瞳光学,YTGX,sz
300791,仙乐健康,XLJK,sz
300792,壹网壹创,YWYC,sz
300793,佳禾智能,JHZN,sz
300795,米奥会展,MAHZ,sz
300796,贝斯美,BSM,sz
300797,钢研纳克,GYNK,sz
300798,锦鸡股份,JJGF,sz
300799,左江科技,ZJKJ,sz
300800,力合科技,LGKJ,sz
300801,泰和科技,THKJ,sz
300802,矩子科技,JZKJ,sz
300803,指南针,ZNZ,sz
300805,电声股份,DSGF,sz
300806,斯迪克,SDK,sz
300807,天迈科技,TMKJ,sz
300808,久量股份,JLGF,sz
300809,华辰装备,HCZB,sz
300810,中科海讯,ZKHX,sz
300811,铂科新材,BKXC,sz
300812,易天股份,YTGF,sz
300813,泰林生物,TLSW,sz
300815,玉禾田,YHT,sz
300816,艾可蓝,YKL,sz
300817,双飞股份,SFGF,sz
300818,耐普矿机,NPKJ,sz
300819,聚杰微纤,JJWQ,sz
300820,英杰电气,YJDQ,sz
300821,东岳硅材,DYGC,sz
300822,贝仕达克,BSDK,sz
300823,建科机械,JKJX,sz
300824,北鼎股份,BDGF,sz
300825,阿尔特,AET,sz
300826,测绘股份,CHGF,sz
300827,上能电气,SNDQ,sz
300828,锐新科技,RXKJ,sz
300829,金丹科技,JDKJ,sz
300830,金现代,JXD,sz
300831,派瑞股份,PRGF,sz
300832,新产业,XCY,sz
300833,浩洋股份,HYGF,sz
300835,龙磁科技,LCKJ,sz
300836,佰奥智能,BAZN,sz
300837,浙矿股份,ZKGF,sz
300838,浙江力诺,ZJLN,sz
300840,酷特智能,KTZN,sz
300841,康华生物,KHSW,sz
300842,帝科股份,DKGF,sz
000670,*ST盈方,*STYF,sz
000792,*ST盐湖,*STYH,sz
000939,*ST凯迪,*STKD,sz
000995,*ST皇台,*STHT,sz
002260,*ST德奥,*STDA,sz
002711,*ST欧浦,*STOP,sz
300216,千山药机,QSYJ,sz
300362,天翔环境,TXHJ,sz
300839,博汇股份,BHGF,sz
300843,胜蓝股份,SLGF,sz
300845,捷安高科,JAGK,sz
300846,首都在线,SDZX,sz
300847,中船汉光,ZCHG,sz
300848,美瑞新材,MRXC,sz
300849,锦盛新材,JCXC,sz
300850,新强联,XQL,sz
300851,交大思诺,JDSN,sz
300852,四会富仕,SHFS,sz
688600,皖仪科技,WYKJ,sz
688568,中科星图,ZKXT,sz
688558,国盛智科,GCZK,sz
688528,秦川物联,QCWL,sz
688377,迪威尔,DWE,sz
688309,恒誉环保,HYHB,sz
688277,天智航,TZH,sz
688180,君实生物,JSSW,sz
688165,埃夫特,AFT,sz
688060,云涌科技,YYKJ,sz
688027,国盾量子,GDLZ,sz
605199,葫芦娃,HLW,sz
605188,国光连锁,GGLS,sz
603087,甘李药业,GLYY,sz
600956,新天绿能,XTLN,sz
600891,*ST秋林,*STQL,sz
600701,*ST工新,*STGX,sz
600677,*ST航通,*STHT,sz
600610,*ST毅达,*STYD,sz
600485,*ST信威,*STXW,sz
688599,天合光能,TGGN,sz
688598,金博股份,JBGF,sz
688588,凌志软件,LZRJ,sz
688566,吉贝尔,JBE,sz
688555,泽达易盛,ZDYC,sz
688520,神州细胞,SZXB,sz
688518,联赢激光,LYJG,sz
688516,奥特维,ATW,sz
688505,复旦张江,FDZJ,sz
688466,金科环境,JKHJ,sz
688399,硕世生物,SSSW,sz
688398,XD赛特新,XDSTX,sz
688396,华润微,HRW,sz
688389,普门科技,PMKJ,sz
688388,嘉元科技,JYKJ,sz
688369,致远互联,ZYHL,sz
688368,晶丰明源,JFMY,sz
688366,昊海生科,HHSK,sz
688365,光云科技,GYKJ,sz
688363,华熙生物,HXSW,sz
688360,德马科技,DMKJ,sz
688358,祥生医疗,XSYL,sz
688357,建龙微纳,JLWN,sz
688333,铂力特,BLT,sz
688321,微芯生物,WXSW,sz
688318,财富趋势,CFQS,sz
688312,燕麦科技,YMKJ,sz
688310,迈得医疗,MDYL,sz
688300,XD联瑞新,XDLRX,sz
688299,长阳科技,ZYKJ,sz
688298,东方生物,DFSW,sz
688288,鸿泉物联,HQWL,sz
688278,特宝生物,TBSW,sz
688268,华特气体,HTQT,sz
688266,泽璟制药,ZJZY,sz
688258,卓易信息,ZYXX,sz
688233,神工股份,SGGF,sz
688228,开普云,KPY,sz
688222,成都先导,CDXD,sz
688218,XD江苏北,XDJSB,sz
688208,道通科技,DTKJ,sz
688202,美迪西,MDX,sz
688200,华峰测控,HFCK,sz
688199,久日新材,JRXC,sz
688198,佰仁医疗,BRYL,sz
688196,卓越新能,ZYXN,sz
688189,南新制药,NXZY,sz
688188,柏楚电子,BCDZ,sz
688186,广大特材,GDTC,sz
688181,八亿时空,BYSK,sz
688178,万德斯,MDS,sz
688177,百奥泰,BAT,sz
688169,石头科技,DTKJ,sz
688168,安博通,ABT,sz
688166,博瑞医药,BRYY,sz
688159,有方科技,YFKJ,sz
688158,优刻得,YKD,sz
688157,松井股份,SJGF,sz
688139,海尔生物,HESW,sz
688138,清溢光电,QYGD,sz
688128,中国电研,ZGDY,sz
688126,沪硅产业,HGCY,sz
688123,聚辰股份,JCGF,sz
688122,西部超导,XBCD,sz
688118,普元信息,PYXX,sz
688116,天奈科技,TNKJ,sz
688111,金山办公,JSBG,sz
688108,赛诺医疗,SNYL,sz
688106,金宏气体,JHQT,sz
688101,三达膜,SDM,sz
688100,威胜信息,WSXX,sz
688099,晶晨股份,JCGF,sz
688098,申联生物,SLSW,sz
688096,京源环保,JYHB,sz
688090,XD瑞松科,XDRSK,sz
688089,嘉必优,JBY,sz
688088,虹软科技,JRKJ,sz
688086,紫晶存储,ZJCC,sz
688085,三友医疗,SYYL,sz
688081,兴图新科,XTXK,sz
688080,映翰通,YHT,sz
688078,龙软科技,LRKJ,sz
688068,XD热景生,XDRJS,sz
688066,航天宏图,HTHT,sz
688058,宝兰德,BLD,sz
688051,佳华科技,JHKJ,sz
688039,当虹科技,DJKJ,sz
688037,芯源微,XYW,sz
688036,传音控股,CYKG,sz
688033,天宜上佳,TYSJ,sz
688030,山石网科,SDWK,sz
688029,南微医学,NWYX,sz
688028,沃尔德,WED,sz
688026,洁特生物,JTSW,sz
688025,杰普特,JPT,sz
688023,安恒信息,AHXX,sz
688022,瀚川智能,HCZN,sz
688021,奥福环保,AFHB,sz
688020,方邦股份,FBGF,sz
688019,安集科技,AJKJ,sz
688018,乐鑫科技,LXKJ,sz
688016,心脉医疗,XMYL,sz
688015,交控科技,JKKJ,sz
688012,中微公司,ZWGS,sz
688011,新光光电,XGGD,sz
688010,福光股份,FGGF,sz
688009,中国通号,ZGTH,sz
688008,澜起科技,LQKJ,sz
688007,光峰科技,GFKJ,sz
688006,杭可科技,HKKJ,sz
688005,容百科技,RBKJ,sz
688004,博汇科技,BHKJ,sz
688003,天准科技,TZKJ,sz
688002,睿创微纳,RCWN,sz
688001,华兴源创,HXYC,sz
605288,凯迪股份,KDGF,sz
605168,三人行,SRH,sz
605166,聚合顺,JGS,sz
605001,威奥股份,WAGF,sz
603999,读者传媒,DZCM,sz
603998,方盛制药,FCZY,sz
603997,继峰股份,JFGF,sz
603996,*ST中新,*STZX,sz
603995,甬金股份,YJGF,sz
603993,洛阳钼业,LYMY,sz
603992,松霖科技,SLKJ,sz
603991,至正股份,ZZGF,sz
603990,麦迪科技,MDKJ,sz
603989,艾华集团,YHJT,sz
603988,中电电机,ZDDJ,sz
603987,康德莱,KDL,sz
603986,兆易创新,ZYCX,sz
603985,恒润股份,HRGF,sz
603983,丸美股份,WMGF,sz
603982,泉峰汽车,QFQJ,sz
603980,吉华集团,JHJT,sz
603979,金诚信,JCX,sz
603978,深圳新星,SZXX,sz
603977,国泰集团,GTJT,sz
603976,正川股份,ZCGF,sz
603970,XD中农立,XDZNL,sz
603969,XD银龙股,XDYLG,sz
603968,醋化股份,CHGF,sz
603967,中创物流,ZCWL,sz
603966,法兰泰克,FLTK,sz
603963,大理药业,DLYY,sz
603960,克来机电,KLJD,sz
603959,百利科技,BLKJ,sz
603958,哈森股份,HSGF,sz
603956,威派格,WPG,sz
603955,大千生态,DQST,sz
603950,长源东谷,ZYDG,sz
603949,雪龙集团,XLJT,sz
603948,建业股份,JYGF,sz
603939,益丰药房,YFYF,sz
603938,三孚股份,SFGF,sz
603937,丽岛新材,LDXC,sz
603936,博敏电子,BMDZ,sz
603933,睿能科技,RNKJ,sz
603929,亚翔集成,YXJC,sz
603928,兴业股份,XYGF,sz
603927,中科软,ZKR,sz
603926,铁流股份,TLGF,sz
603922,金鸿顺,JHS,sz
603920,世运电路,SYDL,sz
603919,金徽酒,JHJ,sz
603918,金桥信息,JQXX,sz
603917,合力科技,GLKJ,sz
603916,苏博特,SBT,sz
603915,国茂股份,GMGF,sz
603912,佳力图,JLT,sz
603909,合诚股份,GCGF,sz
603908,牧高笛,MGD,sz
603906,龙蟠科技,LPKJ,sz
603903,中持股份,ZCGF,sz
603901,永创智能,YCZN,sz
603900,XD莱绅通,XDLST,sz
603899,晨光文具,CGWJ,sz
603898,好莱客,HLK,sz
603897,长城科技,ZCKJ,sz
603896,寿仙谷,SXG,sz
603895,天永智能,TYZN,sz
603893,瑞芯微,RXW,sz
603890,春秋电子,CQDZ,sz
603889,新澳股份,XAGF,sz
603888,新华网,XHW,sz
603887,城地股份,CDGF,sz
603886,元祖股份,YZGF,sz
603885,吉祥航空,JXHK,sz
603883,老百姓,LBX,sz
603882,金域医学,JYYX,sz
603881,数据港,SJG,sz
603880,南卫股份,NWGF,sz
603879,永悦科技,YYKJ,sz
603878,武进不锈,WJBX,sz
603877,太平鸟,TPN,sz
603876,鼎胜新材,DSXC,sz
603871,嘉友国际,JYGJ,sz
603869,新智认知,XZRZ,sz
603868,飞科电器,FKDQ,sz
603867,新化股份,XHGF,sz
603866,桃李面包,TLMB,sz
603863,松炀资源,SYZY,sz
603861,白云电器,BYDQ,sz
603860,中公高科,ZGGK,sz
603859,能科股份,NKGF,sz
603858,步长制药,BZZY,sz
603856,东宏股份,DHGF,sz
603855,华荣股份,HRGF,sz
603848,好太太,HTT,sz
603843,正平股份,ZPGF,sz
603839,安正时尚,AZSS,sz
603838,四通股份,STGF,sz
603833,欧派家居,OPJJ,sz
603829,洛凯股份,LKGF,sz
603828,柯利达,KLD,sz
603826,坤彩科技,KCKJ,sz
603825,XD华扬联,XDHYL,sz
603823,百合花,BGH,sz
603822,嘉澳环保,JAHB,sz
603819,DR神力股,DRSLG,sz
603818,曲美家居,QMJJ,sz
603817,海峡环保,HXHB,sz
603816,顾家家居,GJJJ,sz
603815,交建股份,JJGF,sz
603813,原尚股份,YSGF,sz
603811,诚意药业,CYYY,sz
603810,丰山集团,FSJT,sz
603809,豪能股份,HNGF,sz
603808,歌力思,GLS,sz
603806,福斯特,FST,sz
603803,瑞斯康达,RSKD,sz
603801,志邦家居,ZBJJ,sz
603800,道森股份,DSGF,sz
603799,华友钴业,HYGY,sz
603798,康普顿,KPD,sz
603797,联泰环保,LTHB,sz
603790,雅运股份,YYGF,sz
603789,星光农机,XGNJ,sz
603788,宁波高发,NBGF,sz
603787,新日股份,XRGF,sz
603786,科博达,KBD,sz
603779,ST威龙,STWL,sz
603778,乾景园林,QJYL,sz
603777,来伊份,LYF,sz
603776,永安行,YAH,sz
603773,沃格光电,WGGD,sz
603768,常青股份,CQGF,sz
603767,中马传动,ZMCD,sz
603766,隆鑫通用,LXTY,sz
603758,秦安股份,QAGF,sz
603757,大元泵业,DYBY,sz
603755,日辰股份,RCGF,sz
603739,蔚蓝生物,WLSW,sz
603738,泰晶科技,TJKJ,sz
603737,三棵树,SKS,sz
603733,仙鹤股份,XHGF,sz
603730,岱美股份,DMGF,sz
603729,龙韵股份,LYGF,sz
603728,鸣志电器,MZDQ,sz
603727,博迈科,BMK,sz
603726,朗迪集团,LDJT,sz
603725,天安新材,TAXC,sz
603722,阿科力,AKL,sz
603721,中广天择,ZGTZ,sz
603719,良品铺子,LPPZ,sz
603718,海利生物,HLSW,sz
603717,天域生态,TYST,sz
603716,塞力斯,SLS,sz
603713,密尔克卫,MEKW,sz
603712,七一二,QYE,sz
603711,香飘飘,XPP,sz
603709,中源家居,ZYJJ,sz
603708,家家悦,JJY,sz
603707,健友股份,JYGF,sz
603706,东方环宇,DFHY,sz
603703,盛洋科技,CYKJ,sz
603701,德宏股份,DHGF,sz
603700,宁水集团,NSJT,sz
603699,纽威股份,NWGF,sz
603698,航天工程,HTGC,sz
603697,有友食品,YYSP,sz
603696,安记食品,AJSP,sz
603693,江苏新能,JSXN,sz
603690,至纯科技,ZCKJ,sz
603689,皖天然气,WTRQ,sz
603688,石英股份,DYGF,sz
603687,大胜达,DSD,sz
603686,龙马环卫,LMHW,sz
603685,晨丰科技,CFKJ,sz
603683,晶华新材,JHXC,sz
603682,锦和商业,JHSY,sz
603681,永冠新材,YGXC,sz
603680,今创集团,JCJT,sz
603679,华体科技,HTKJ,sz
603678,火炬电子,HJDZ,sz
603677,奇精机械,JJJX,sz
603676,卫信康,WXK,sz
603669,灵康药业,LKYY,sz
603668,天马科技,TMKJ,sz
603667,五洲新春,WZXC,sz
603666,DR亿嘉和,DRYJH,sz
603665,康隆达,KLD,sz
603663,三祥新材,SXXC,sz
603662,柯力传感,KLCG,sz
603661,恒林股份,HLGF,sz
603660,苏州科达,SZKD,sz
603659,璞泰来,PTL,sz
603658,安图生物,ATSW,sz
603657,春光科技,CGKJ,sz
603656,泰禾光电,THGD,sz
603655,朗博科技,LBKJ,sz
603650,彤程新材,TCXC,sz
603648,畅联股份,CLGF,sz
603639,海利尔,HLE,sz
603638,艾迪精密,YDJM,sz
603637,镇海股份,ZHGF,sz
603636,南威软件,NWRJ,sz
603633,徕木股份,LMGF,sz
603630,拉芳家化,LFJH,sz
603629,利通电子,LTDZ,sz
603628,清源股份,QYGF,sz
603626,科森科技,KSKJ,sz
603619,中曼石油,ZMDY,sz
603618,杭电股份,HDGF,sz
603617,君禾股份,JHGF,sz
603616,韩建河山,HJHS,sz
603615,茶花股份,CHGF,sz
603613,国联股份,GLGF,sz
603612,索通发展,STFZ,sz
603611,诺力股份,NLGF,sz
603610,麒盛科技,QCKJ,sz
603609,禾丰牧业,HFMY,sz
603608,天创时尚,TCSS,sz
603607,京华激光,JHJG,sz
603606,东方电缆,DFDL,sz
603605,珀莱雅,PLY,sz
603603,博天环境,BTHJ,sz
603602,纵横通信,ZHTX,sz
603601,再升科技,ZSKJ,sz
603600,永艺股份,YYGF,sz
603599,广信股份,GXGF,sz
603598,引力传媒,YLCM,sz
603596,伯特利,BTL,sz
603595,东尼电子,DNDZ,sz
603590,康辰药业,KCYY,sz
603589,口子窖,KZJ,sz
603588,高能环境,GNHJ,sz
603587,地素时尚,DSSS,sz
603586,金麒麟,JQL,sz
603585,苏利股份,SLGF,sz
603583,捷昌驱动,JCQD,sz
603580,艾艾精工,YYJG,sz
603579,荣泰健康,RTJK,sz
603578,三星新材,SXXC,sz
603577,汇金通,HJT,sz
603569,长久物流,ZJWL,sz
603568,伟明环保,WMHB,sz
603567,珍宝岛,ZBD,sz
603566,普莱柯,PLK,sz
603559,中通国脉,ZTGM,sz
603558,健盛集团,JCJT,sz
603557,起步股份,QBGF,sz
603556,海兴电力,HXDL,sz
603555,*ST贵人,*STGR,sz
603551,奥普家居,APJJ,sz
603538,美诺华,MNH,sz
603536,惠发食品,HFSP,sz
603535,嘉诚国际,JCGJ,sz
603533,掌阅科技,ZYKJ,sz
603530,神马电力,SMDL,sz
603528,多伦科技,DLKJ,sz
603527,众源新材,ZYXC,sz
603520,司太立,STL,sz
603519,立霸股份,LBGF,sz
603518,锦泓集团,JHJT,sz
603517,绝味食品,JWSP,sz
603516,淳中科技,CZKJ,sz
603515,欧普照明,OPZM,sz
603508,思维列控,SWLK,sz
603507,振江股份,ZJGF,sz
603506,南都物业,NDWY,sz
603505,金石资源,JDZY,sz
603501,韦尔股份,WEGF,sz
603500,祥和实业,XHSY,sz
603499,翔港科技,XGKJ,sz
603496,恒为科技,HWKJ,sz
603489,八方股份,BFGF,sz
603488,展鹏科技,ZPKJ,sz
603486,科沃斯,KWS,sz
603477,振静股份,ZJGF,sz
603466,风语筑,FYZ,sz
603458,勘设股份,KSGF,sz
603456,九洲药业,JZYY,sz
603444,吉比特,JBT,sz
603439,贵州三力,GZSL,sz
603429,集友股份,JYGF,sz
603421,鼎信通讯,DXTX,sz
603416,信捷电气,XJDQ,sz
603399,吉翔股份,JXGF,sz
603398,邦宝益智,BBYZ,sz
603396,金辰股份,JCGF,sz
603393,新天然气,XTRQ,sz
603392,万泰生物,MTSW,sz
603390,通达电气,TDDQ,sz
603389,*ST亚振,*STYZ,sz
603388,元成股份,YCGF,sz
603387,基蛋生物,JDSW,sz
603386,广东骏亚,GDJY,sz
603385,惠达卫浴,HDWY,sz
603383,顶点软件,DDRJ,sz
603380,易德龙,YDL,sz
603379,三美股份,SMGF,sz
603378,亚士创能,YSCN,sz
603377,东方时尚,DFSS,sz
603369,XD今世缘,XDJSY,sz
603368,DR柳药股,DRLYG,sz
603367,辰欣药业,CXYY,sz
603366,日出东方,RCDF,sz
603365,水星家纺,SXJF,sz
603363,傲农生物,ANSW,sz
603360,百傲化学,BAHX,sz
603359,东珠生态,DZST,sz
603358,华达科技,HDKJ,sz
603357,设计总院,SJZY,sz
603356,华菱精工,HLJG,sz
603355,莱克电气,LKDQ,sz
603353,和顺石油,HSDY,sz
603351,威尔药业,WEYY,sz
603348,文灿股份,WCGF,sz
603345,安井食品,AJSP,sz
603339,四方科技,SFKJ,sz
603338,浙江鼎力,ZJDL,sz
603337,杰克股份,JKGF,sz
603336,宏辉果蔬,HHGS,sz
603335,迪生力,DSL,sz
603333,尚纬股份,SWGF,sz
603332,苏州龙杰,SZLJ,sz
603331,百达精工,BDJG,sz
603330,上海天洋,SHTY,sz
603329,上海雅仕,SHYS,sz
603328,依顿电子,YDDZ,sz
603327,福蓉科技,FRKJ,sz
603326,我乐家居,WLJJ,sz
603323,苏农银行,SNYH,sz
603322,超讯通信,CXTX,sz
603321,梅轮电梯,MLDT,sz
603320,迪贝电气,DBDQ,sz
603319,湘油泵,XYB,sz
603318,派思股份,PSGF,sz
603317,天味食品,TWSP,sz
603316,诚邦股份,CBGF,sz
603315,福鞍股份,FAGF,sz
603313,梦百合,MBG,sz
603311,金海环境,JHHJ,sz
603309,维力医疗,WLYL,sz
603308,应流股份,YLGF,sz
603306,华懋科技,HMKJ,sz
603305,旭升股份,XSGF,sz
603303,得邦照明,DBZM,sz
603301,振德医疗,ZDYL,sz
603300,华铁应急,HTYJ,sz
603299,苏盐井神,SYJS,sz
603298,杭叉集团,HCJT,sz
603297,永新光学,YXGX,sz
603290,斯达半导,SDBD,sz
603289,泰瑞机器,TRJQ,sz
603288,海天味业,HTWY,sz
603286,日盈电子,RYDZ,sz
603283,赛腾股份,STGF,sz
603279,景津环保,JJHB,sz
603278,大业股份,DYGF,sz
603277,银都股份,YDGF,sz
603269,海鸥股份,HOGF,sz
603268,松发股份,SFGF,sz
603267,鸿远电子,HYDZ,sz
603266,天龙股份,TLGF,sz
603260,合盛硅业,GCGY,sz
603259,药明康德,YMKD,sz
603258,电魂网络,DHWL,sz
603256,宏和科技,HHKJ,sz
603239,浙江仙通,ZJXT,sz
603238,诺邦股份,NBGF,sz
603236,移远通信,YYTX,sz
603233,大参林,DCL,sz
603232,格尔软件,GERJ,sz
603229,奥翔药业,AXYY,sz
603228,景旺电子,JWDZ,sz
603227,雪峰科技,XFKJ,sz
603226,菲林格尔,FLGE,sz
603225,新凤鸣,XFM,sz
603223,恒通股份,HTGF,sz
603222,济民制药,JMZY,sz
603221,爱丽家居,ALJJ,sz
603220,XD中贝通,XDZBT,sz
603218,日月股份,RYGF,sz
603217,元利科技,YLKJ,sz
603214,爱婴室,AYS,sz
603212,赛伍技术,SWJS,sz
603208,江山欧派,JSOP,sz
603203,XD快克股,XDKKG,sz
603200,上海洗霸,SHXB,sz
603199,九华旅游,JHL:Y,sz
603198,XD迎驾贡,XDYJG,sz
603197,保隆科技,BLKJ,sz
603196,日播时尚,RBSS,sz
603195,公牛集团,GNJT,sz
603192,汇得科技,HDKJ,sz
603189,网达软件,WDRJ,sz
603188,ST亚邦,STYB,sz
603187,海容冷链,HRLL,sz
603186,华正新材,HZXC,sz
603185,上机数控,SJSK,sz
603183,建研院,JYY,sz
603181,皇马科技,HMKJ,sz
603180,金牌厨柜,JPCG,sz
603179,新泉股份,XQGF,sz
603178,圣龙股份,SLGF,sz
603177,德创环保,DCHB,sz
603169,兰石重装,LDCZ,sz
603168,莎普爱思,SPAS,sz
603167,渤海轮渡,BHLD,sz
603166,福达股份,FDGF,sz
603165,荣晟环保,RSHB,sz
603161,科华控股,KHKG,sz
603160,汇顶科技,HDKJ,sz
603159,上海亚虹,SHYJ,sz
603158,腾龙股份,TLGF,sz
603157,拉夏贝尔,LXBE,sz
603156,养元饮品,YYYP,sz
603139,康惠制药,KHZY,sz
603138,海量数据,HLSJ,sz
603136,天目湖,TMH,sz
603133,碳元科技,TYKJ,sz
603131,上海沪工,SHHG,sz
603129,春风动力,CFDL,sz
603128,华贸物流,HMWL,sz
603127,昭衍新药,ZYXY,sz
603126,中材节能,ZCJN,sz
603123,翠微股份,CWGF,sz
603121,华培动力,HPDL,sz
603118,共进股份,GJGF,sz
603117,万林物流,MLWL,sz
603116,红蜻蜓,HQT,sz
603115,海星股份,HXGF,sz
603113,金能科技,JNKJ,sz
603111,康尼机电,KNJD,sz
603110,东方材料,DFCL,sz
603109,神驰机电,SCJD,sz
603108,润达医疗,RDYL,sz
603106,恒银金融,HYJR,sz
603105,芯能科技,XNKJ,sz
603103,横店影视,HDYS,sz
603101,汇嘉时代,HJSD,sz
603100,川仪股份,CYGF,sz
603099,长白山,ZBS,sz
603098,森特股份,STGF,sz
603096,新经典,XJD,sz
603095,越剑智能,YJZN,sz
603093,南华期货,NHQH,sz
603090,宏盛股份,HCGF,sz
603089,正裕工业,ZYGY,sz
603088,宁波精达,NBJD,sz
603086,先达股份,XDGF,sz
603085,天成自控,TCZK,sz
603083,剑桥科技,JQKJ,sz
603081,大丰实业,DFSY,sz
603080,新疆火炬,XJHJ,sz
603079,圣达生物,SDSW,sz
603078,江化微,JHW,sz
603077,和邦生物,HBSW,sz
603076,乐惠国际,LHGJ,sz
603069,海汽集团,HQJT,sz
603068,博通集成,BTJC,sz
603067,振华股份,ZHGF,sz
603066,音飞储存,YFCC,sz
603063,禾望电气,HWDQ,sz
603060,国检集团,GJJT,sz
603059,倍加洁,BJJ,sz
603058,永吉股份,YJGF,sz
603056,德邦股份,DBGF,sz
603055,台华新材,THXC,sz
603053,成都燃气,CDRQ,sz
603050,科林电气,KLDQ,sz
603045,福达合金,FDGJ,sz
603043,广州酒家,GZJJ,sz
603042,华脉科技,HMKJ,sz
603041,美思德,MSD,sz
603040,新坐标,XZB,sz
603039,泛微网络,FWWL,sz
603038,华立股份,HLGF,sz
603037,凯众股份,KZGF,sz
603036,如通股份,RTGF,sz
603035,常熟汽饰,CSQS,sz
603033,三维股份,SWGF,sz
603032,德新交运,DXJY,sz
603031,安德利,ADL,sz
603030,全筑股份,QZGF,sz
603029,天鹅股份,TEGF,sz
603028,赛福天,SFT,sz
603027,千禾味业,QHWY,sz
603026,石大胜华,DDSH,sz
603025,大豪科技,DHKJ,sz
603023,威帝股份,WDGF,sz
603022,新通联,XTL,sz
603021,山东华鹏,SDHP,sz
603020,爱普股份,APGF,sz
603019,中科曙光,ZKSG,sz
603018,中设集团,ZSJT,sz
603017,中衡设计,ZHSJ,sz
603016,新宏泰,XHT,sz
603015,弘讯科技,HXKJ,sz
603013,亚普股份,YPGF,sz
603012,创力集团,CLJT,sz
603011,合锻智能,GDZN,sz
603010,万盛股份,MCGF,sz
603009,北特科技,BTKJ,sz
603008,喜临门,XLM,sz
603007,花王股份,HWGF,sz
603006,联明股份,LMGF,sz
603005,晶方科技,JFKJ,sz
603003,龙宇燃油,LYRY,sz
603002,宏昌电子,HCDZ,sz
603001,奥康国际,AKGJ,sz
603000,人民网,RMW,sz
601999,出版传媒,CBCM,sz
601998,中信银行,ZXYH,sz
601997,贵阳银行,GYYH,sz
601996,丰林集团,FLJT,sz
601992,金隅集团,JYJT,sz
601991,大唐发电,DTFD,sz
601990,南京证券,NJZX,sz
601989,中国重工,ZGCG,sz
601988,中国银行,ZGYH,sz
601985,中国核电,ZGHD,sz
601975,招商南油,ZSNY,sz
601969,海南矿业,HNKY,sz
601968,宝钢包装,BGBZ,sz
601966,玲珑轮胎,LLLT,sz
601965,XD中国汽,XDZGQ,sz
601958,金钼股份,JMGF,sz
601952,苏垦农发,SKNF,sz
601949,中国出版,ZGCB,sz
601939,建设银行,JSYH,sz
601933,永辉超市,YHCS,sz
601929,吉视传媒,JSCM,sz
601928,凤凰传媒,FHCM,sz
601919,中远海控,ZYHK,sz
601918,新集能源,XJNY,sz
601916,浙商银行,ZSYH,sz
601908,京运通,JYT,sz
601901,方正证券,FZZX,sz
601900,南方传媒,NFCM,sz
601899,紫金矿业,ZJKY,sz
601898,中煤能源,ZMNY,sz
601890,亚星锚链,YXML,sz
601888,中国国旅,ZGGL:,sz
601886,江河集团,JHJT,sz
601882,海天精工,HTJG,sz
601881,中国银河,ZGYH,sz
601880,大连港,DLG,sz
601878,浙商证券,ZSZX,sz
601877,XD正泰电,XDZTD,sz
601872,XD招商轮,XDZSL,sz
601869,长飞光纤,ZFGQ,sz
601866,中远海发,ZYHF,sz
601865,福莱特,FLT,sz
601860,紫金银行,ZJYH,sz
601858,中国科传,ZGKC,sz
601857,中国石油,ZGDY,sz
601838,成都银行,CDYH,sz
601828,美凯龙,MKL,sz
601827,三峰环境,SFHJ,sz
601818,XD光大银,XDGDY,sz
601816,京沪高铁,JHGT,sz
601811,新华文轩,XHWX,sz
601808,中海油服,ZHYF,sz
601801,皖新传媒,WXCM,sz
601800,中国交建,ZGJJ,sz
601799,星宇股份,XYGF,sz
601798,蓝科高新,LKGX,sz
601789,宁波建工,NBJG,sz
601788,光大证券,GDZX,sz
601778,晶科科技,JKKJ,sz
601777,力帆股份,LFGF,sz
601766,中国中车,ZGZJ,sz
601727,上海电气,SHDQ,sz
601718,际华集团,JHJT,sz
601717,郑煤机,ZMJ,sz
601700,风范股份,FFGF,sz
601699,潞安环能,LAHN,sz
601698,中国卫通,ZGWT,sz
601696,中银证券,ZYZX,sz
601689,拓普集团,TPJT,sz
601688,华泰证券,HTZX,sz
601678,滨化股份,BHGF,sz
601677,明泰铝业,MTL:Y,sz
601669,中国电建,ZGDJ,sz
601668,XD中国建,XDZGJ,sz
601666,平煤股份,PMGF,sz
601658,邮储银行,YCYH,sz
601636,旗滨集团,QBJT,sz
601633,长城汽车,ZCQJ,sz
601628,中国人寿,ZGRS,sz
601619,嘉泽新能,JZXN,sz
601618,中国中冶,ZGZY,sz
601616,广电电气,GDDQ,sz
601615,明阳智能,MYZN,sz
601611,中国核建,ZGHJ,sz
601609,金田铜业,JTTY,sz
601608,中信重工,ZXCG,sz
601607,上海医药,SHYY,sz
601606,长城军工,ZCJG,sz
601601,中国太保,ZGTB,sz
601600,中国铝业,ZGL:Y,sz
601599,鹿港文化,LGWH,sz
601598,中国外运,ZGWY,sz
601595,上海电影,SHDY,sz
601588,北辰实业,BCSY,sz
601579,会稽山,HQS,sz
601577,长沙银行,ZSYH,sz
601567,三星医疗,SXYL,sz
601566,九牧王,JMW,sz
601555,东吴证券,DWZX,sz
601519,大智慧,DZH,sz
601518,吉林高速,JLGS,sz
601515,东风股份,DFGF,sz
601512,中新集团,ZXJT,sz
601500,通用股份,TYGF,sz
601399,ST国重装,STGCZ,sz
601398,工商银行,GSYH,sz
601390,中国中铁,ZGZT,sz
601388,怡球资源,YQZY,sz
601377,兴业证券,XYZX,sz
601375,中原证券,ZYZX,sz
601369,陕鼓动力,SGDL,sz
601368,绿城水务,LCSW,sz
601366,利群股份,LQGF,sz
601360,三六零,SLL,sz
601339,百隆东方,BLDF,sz
601336,新华保险,XHBX,sz
601333,广深铁路,GSTL,sz
601330,绿色动力,LSDL,sz
601328,交通银行,JTYH,sz
601326,XD秦港股,XDQGG,sz
601319,中国人保,ZGRB,sz
601318,中国平安,ZGPA,sz
601311,骆驼股份,LTGF,sz
601298,青岛港,QDG,sz
601288,农业银行,NYYH,sz
601258,ST庞大,STPD,sz
601238,广汽集团,GQJT,sz
601236,红塔证券,HTZX,sz
601233,桐昆股份,TKGF,sz
601231,环旭电子,HXDZ,sz
601229,上海银行,SHYH,sz
601228,广州港,GZG,sz
601226,华电重工,HDCG,sz
601225,陕西煤业,SXMY,sz
601222,林洋能源,LYNY,sz
601218,吉鑫科技,JXKJ,sz
601216,君正集团,JZJT,sz
601212,白银有色,BYYS,sz
601211,国泰君安,GTJA,sz
601208,东材科技,DCKJ,sz
601200,上海环境,SHHJ,sz
601199,江南水务,JNSW,sz
601198,东兴证券,DXZX,sz
601188,龙江交通,LJJT,sz
601186,中国铁建,ZGTJ,sz
601179,中国西电,ZGXD,sz
601177,杭齿前进,HCQJ,sz
601169,北京银行,BJYH,sz
601168,西部矿业,XBKY,sz
601166,兴业银行,XYYH,sz
601163,三角轮胎,SJLT,sz
601162,天风证券,TFZX,sz
601158,重庆水务,CQSW,sz
601155,新城控股,XCKG,sz
601139,深圳燃气,SZRQ,sz
601138,工业富联,GYFL,sz
601137,博威合金,BWGJ,sz
601128,常熟银行,CSYH,sz
601127,小康股份,XKGF,sz
601126,四方股份,SFGF,sz
601118,XD海南橡,XDHNX,sz
601117,中国化学,ZGHX,sz
601116,三江购物,SJGW,sz
601113,ST华鼎,STHD,sz
601111,中国国航,ZGGH,sz
601108,财通证券,CTZX,sz
601107,四川成渝,SCCY,sz
601106,中国一重,ZGYC,sz
601101,昊华能源,HHNY,sz
601100,恒立液压,HLYY,sz
601099,太平洋,TPY,sz
601098,中南传媒,ZNCM,sz
601088,中国神华,ZGSH,sz
601086,国芳集团,GFJT,sz
601077,渝农商行,YNSH,sz
601069,西部黄金,XBHJ,sz
601068,中铝国际,ZL:GJ,sz
601066,中信建投,ZXJT,sz
601058,赛轮轮胎,SLLT,sz
601038,一拖股份,YTGF,sz
601028,玉龙股份,YLGF,sz
601021,春秋航空,CQHK,sz
601020,华钰矿业,HYKY,sz
601019,山东出版,SDCB,sz
601018,宁波港,NBG,sz
601016,节能风电,JNFD,sz
601015,陕西黑猫,SXHM,sz
601012,隆基股份,LJGF,sz
601011,宝泰隆,BTL,sz
601010,文峰股份,WFGF,sz
601009,南京银行,NJYH,sz
601008,连云港,LYG,sz
601007,金陵饭店,JLFD,sz
601006,大秦铁路,DQTL,sz
601005,重庆钢铁,CQGT,sz
601003,柳钢股份,LGGF,sz
601002,晋亿实业,JYSY,sz
601001,大同煤业,DTMY,sz
601000,唐山港,TSG,sz
600999,招商证券,ZSZX,sz
600998,九州通,JZT,sz
600997,XD开滦股,XDKLG,sz
600996,贵广网络,GGWL,sz
600995,文山电力,WSDL,sz
600993,马应龙,MYL,sz
600992,贵绳股份,GSGF,sz
600990,四创电子,SCDZ,sz
600989,宝丰能源,BFNY,sz
600988,赤峰黄金,CFHJ,sz
600987,航民股份,HMGF,sz
600986,科达股份,KDGF,sz
600985,淮北矿业,HBKY,sz
600984,建设机械,JSJX,sz
600983,惠而浦,HEP,sz
600982,宁波热电,NBRD,sz
600981,汇鸿集团,HHJT,sz
600980,北矿科技,BKKJ,sz
600979,广安爱众,GAAZ,sz
600978,*ST宜生,*STYS,sz
600977,中国电影,ZGDY,sz
600976,健民集团,JMJT,sz
600975,新五丰,XWF,sz
600973,宝胜股份,BSGF,sz
600971,XD恒源煤,XDHYM,sz
600970,中材国际,ZCGJ,sz
600969,XD郴电国,XDCDG,sz
600968,海油发展,HYFZ,sz
600967,内蒙一机,NMYJ,sz
600966,博汇纸业,BHZY,sz
600965,福成股份,FCGF,sz
600963,岳阳林纸,YYLZ,sz
600962,国投中鲁,GTZL,sz
600961,株冶集团,ZYJT,sz
600960,渤海汽车,BHQJ,sz
600959,江苏有线,JSYX,sz
600958,东方证券,DFZX,sz
600939,重庆建工,CQJG,sz
600936,广西广电,GXGD,sz
600933,爱柯迪,AKD,sz
600929,湖南盐业,HNYY,sz
600928,西安银行,XAYH,sz
600926,杭州银行,HZYH,sz
600919,XD江苏银,XDJSY,sz
600918,中泰证券,ZTZX,sz
600917,重庆燃气,CQRQ,sz
600909,华安证券,HAZX,sz
600908,无锡银行,WXYH,sz
600903,贵州燃气,GZRQ,sz
600901,江苏租赁,JSZL,sz
600900,长江电力,ZJDL,sz
600898,*ST美讯,*STMX,sz
600897,厦门空港,XMKG,sz
600896,览海医疗,LHYL,sz
600895,张江高科,ZJGK,sz
600894,广日股份,GRGF,sz
600893,航发动力,HFDL,sz
600892,*ST大晟,*STDS,sz
600890,中房股份,ZFGF,sz
600889,南京化纤,NJHQ,sz
600888,新疆众和,XJZH,sz
600887,伊利股份,YLGF,sz
600886,国投电力,GTDL,sz
600885,宏发股份,HFGF,sz
600884,杉杉股份,SSGF,sz
600883,博闻科技,BWKJ,sz
600882,妙可蓝多,MKLD,sz
600881,亚泰集团,YTJT,sz
600880,博瑞传播,BRCB,sz
600879,航天电子,HTDZ,sz
600877,ST电能,STDN,sz
600876,洛阳玻璃,LYBL,sz
600875,东方电气,DFDQ,sz
600874,创业环保,CYHB,sz
600873,梅花生物,MHSW,sz
600872,中炬高新,ZJGX,sz
600871,石化油服,DHYF,sz
600870,ST厦华,STXH,sz
600869,智慧能源,ZHNY,sz
600868,梅雁吉祥,MYJX,sz
600867,通化东宝,THDB,sz
600866,星湖科技,XHKJ,sz
600865,百大集团,BDJT,sz
600864,哈投股份,HTGF,sz
600863,内蒙华电,NMHD,sz
600862,中航高科,ZHGK,sz
600861,北京城乡,BJCX,sz
600860,*ST京城,*STJC,sz
600859,王府井,WFJ,sz
600858,银座股份,YZGF,sz
600857,宁波中百,NBZB,sz
600856,*ST中天,*STZT,sz
600855,航天长峰,HTZF,sz
600854,春兰股份,CLGF,sz
600853,龙建股份,LJGF,sz
600851,海欣股份,HXGF,sz
600850,华东电脑,HDDN,sz
600848,上海临港,SHLG,sz
600847,万里股份,MLGF,sz
600846,同济科技,TJKJ,sz
600845,宝信软件,BXRJ,sz
600844,丹化科技,DHKJ,sz
600843,上工申贝,SGSB,sz
600841,上柴股份,SCGF,sz
600839,四川长虹,SCZJ,sz
600838,上海九百,SHJB,sz
600837,海通证券,HTZX,sz
600836,*ST界龙,*STJL,sz
600835,上海机电,SHJD,sz
600834,申通地铁,STDT,sz
600833,第一医药,DYYY,sz
600831,广电网络,GDWL,sz
600830,香溢融通,XYRT,sz
600829,人民同泰,RMTT,sz
600828,茂业商业,MYSY,sz
600827,百联股份,BLGF,sz
600826,XD兰生股,XDLSG,sz
600825,新华传媒,XHCM,sz
600824,益民集团,YMJT,sz
600823,世茂股份,SMGF,sz
600822,上海物贸,SHWM,sz
600821,*ST劝业,*STQY,sz
600820,XD隧道股,XDSDG,sz
600819,耀皮玻璃,YPBL,sz
600818,中路股份,ZLGF,sz
600817,ST宏盛,STHC,sz
600816,*ST安信,*STAX,sz
600815,*ST厦工,*STXG,sz
600814,杭州解百,HZJB,sz
600812,华北制药,HBZY,sz
600811,东方集团,DFJT,sz
600810,神马股份,SMGF,sz
600809,山西汾酒,SXFJ,sz
600808,马钢股份,MGGF,sz
600807,ST天业,STTY,sz
600805,悦达投资,YDTZ,sz
600804,鹏博士,PBS,sz
600803,新奥股份,XAGF,sz
600802,福建水泥,FJSN,sz
600801,华新水泥,HXSN,sz
600800,天津磁卡,TJCK,sz
600798,宁波海运,NBHY,sz
600797,浙大网新,ZDWX,sz
600796,钱江生化,QJSH,sz
600795,国电电力,GDDL,sz
600794,保税科技,BSKJ,sz
600793,宜宾纸业,YBZY,sz
600792,云煤能源,YMNY,sz
600791,京能置业,JNZY,sz
600790,轻纺城,QFC,sz
600789,鲁抗医药,LKYY,sz
600787,中储股份,ZCGF,sz
600785,新华百货,XHBH,sz
600784,鲁银投资,LYTZ,sz
600783,鲁信创投,LXCT,sz
600782,新钢股份,XGGF,sz
600781,ST辅仁,STFR,sz
600780,通宝能源,TBNY,sz
600779,水井坊,SJF,sz
600778,友好集团,YHJT,sz
600777,新潮能源,XCNY,sz
600776,东方通信,DFTX,sz
600775,南京熊猫,NJXM,sz
600774,汉商集团,HSJT,sz
600773,XD西藏城,XDXZC,sz
600771,广誉远,GYY,sz
600770,综艺股份,ZYGF,sz
600769,祥龙电业,XLDY,sz
600768,宁波富邦,NBFB,sz
600767,ST运盛,STYC,sz
600766,园城黄金,YCHJ,sz
600765,中航重机,ZHCJ,sz
600764,中国海防,ZGHF,sz
600763,通策医疗,TCYL,sz
600761,安徽合力,AHGL,sz
600760,中航沈飞,ZHSF,sz
600759,洲际油气,ZJYQ,sz
600758,辽宁能源,LNNY,sz
600757,XD长江传,XDZJC,sz
600756,浪潮软件,LCRJ,sz
600755,厦门国贸,XMGM,sz
600754,锦江酒店,JJJD,sz
600753,东方银星,DFYX,sz
600751,海航科技,HHKJ,sz
600750,江中药业,JZYY,sz
600749,西藏旅游,XZL:Y,sz
600748,上实发展,SSFZ,sz
600746,江苏索普,JSSP,sz
600745,闻泰科技,WTKJ,sz
600744,华银电力,HYDL,sz
600743,华远地产,HYDC,sz
600742,DR一汽富,DRYQF,sz
600741,华域汽车,HYQJ,sz
600740,山西焦化,SXJH,sz
600739,辽宁成大,LNCD,sz
600738,兰州民百,LZMB,sz
600737,中粮糖业,ZLTY,sz
600736,苏州高新,SZGX,sz
600735,新华锦,XHJ,sz
600734,*ST实达,*STSD,sz
600733,北汽蓝谷,BQLG,sz
600732,爱旭股份,AXGF,sz
600731,湖南海利,HNHL,sz
600730,中国高科,ZGGK,sz
600729,重庆百货,CQBH,sz
600728,佳都科技,JDKJ,sz
600727,鲁北化工,LBHG,sz
600726,华电能源,HDNY,sz
600725,ST云维,STYW,sz
600724,宁波富达,NBFD,sz
600723,首商股份,SSGF,sz
600722,金牛化工,JNHG,sz
600721,ST百花,STBH,sz
600720,祁连山,QLS,sz
600719,XD大连热,XDDLR,sz
600718,东软集团,DRJT,sz
600717,天津港,TJG,sz
600716,凤凰股份,FHGF,sz
600715,文投控股,WTKG,sz
600714,金瑞矿业,JRKY,sz
600713,XD南京医,XDNJY,sz
600712,南宁百货,NNBH,sz
600711,盛屯矿业,CTKY,sz
600710,苏美达,SMD,sz
600708,光明地产,GMDC,sz
600707,彩虹股份,CJGF,sz
600706,曲江文旅,QJWL:,sz
600705,中航资本,ZHZB,sz
600704,物产中大,WCZD,sz
600703,三安光电,SAGD,sz
600702,舍得酒业,SDJY,sz
600699,均胜电子,JSDZ,sz
600698,ST天雁,STTY,sz
600697,欧亚集团,OYJT,sz
600696,ST岩石,STYD,sz
600695,绿庭投资,LTTZ,sz
600694,XD大商股,XDDSG,sz
600693,东百集团,DBJT,sz
600692,亚通股份,YTGF,sz
600691,阳煤化工,YMHG,sz
600690,海尔智家,HEZJ,sz
600689,上海三毛,SHSM,sz
600688,上海石化,SHDH,sz
600687,*ST刚泰,*STGT,sz
600686,金龙汽车,JLQJ,sz
600685,中船防务,ZCFW,sz
600684,珠江实业,ZJSY,sz
600683,京投发展,JTFZ,sz
600682,南京新百,NJXB,sz
600681,百川能源,BCNY,sz
600679,上海凤凰,SHFH,sz
600678,四川金顶,SCJD,sz
600676,交运股份,JYGF,sz
600675,中华企业,ZHQY,sz
600674,川投能源,CTNY,sz
600673,东阳光,DYG,sz
600671,*ST目药,*STMY,sz
600668,尖峰集团,JFJT,sz
600667,太极实业,TJSY,sz
600666,ST瑞德,STRD,sz
600665,天地源,TDY,sz
600664,哈药股份,HYGF,sz
600663,陆家嘴,LJZ,sz
600662,强生控股,QSKG,sz
600661,昂立教育,ALJY,sz
600660,福耀玻璃,FYBL,sz
600658,电子城,DZC,sz
600657,信达地产,XDDC,sz
600655,豫园股份,YYGF,sz
600654,ST中安,STZA,sz
600653,申华控股,SHKG,sz
600652,ST游久,STYJ,sz
600651,*ST飞乐,*STFL,sz
600650,锦江投资,JJTZ,sz
600649,城投控股,CTKG,sz
600648,外高桥,WGQ,sz
600647,同达创业,TDCY,sz
600645,中源协和,ZYXH,sz
600644,乐山电力,LSDL,sz
600643,爱建集团,AJJT,sz
600642,申能股份,SNGF,sz
600641,万业企业,MYQY,sz
600640,号百控股,HBKG,sz
600639,浦东金桥,PDJQ,sz
600638,新黄浦,XHP,sz
600637,东方明珠,DFMZ,sz
600636,国新文化,GXWH,sz
600635,大众公用,DZGY,sz
600634,*ST富控,*STFK,sz
600633,浙数文化,ZSWH,sz
600630,龙头股份,LTGF,sz
600629,华建集团,HJJT,sz
600628,新世界,XSJ,sz
600626,申达股份,SDGF,sz
600624,复旦复华,FDFH,sz
600623,华谊集团,HYJT,sz
600622,光大嘉宝,GDJB,sz
600621,华鑫股份,HXGF,sz
600620,天宸股份,TCGF,sz
600619,海立股份,HLGF,sz
600618,氯碱化工,L:JHG,sz
600617,国新能源,GXNY,sz
600616,金枫酒业,JFJY,sz
600615,丰华股份,FHGF,sz
600614,*ST鹏起,*STPQ,sz
600613,神奇制药,SJZY,sz
600612,老凤祥,LFX,sz
600611,大众交通,DZJT,sz
600609,金杯汽车,JBQJ,sz
600608,ST沪科,STHK,sz
600606,绿地控股,LDKG,sz
600605,汇通能源,HTNY,sz
600604,市北高新,SBGX,sz
600603,广汇物流,GHWL,sz
600602,云赛智联,YSZL,sz
600601,方正科技,FZKJ,sz
600600,XD青岛啤,XDQDP,sz
600599,*ST熊猫,*STXM,sz
600598,北大荒,BDH,sz
600597,光明乳业,GMRY,sz
600596,新安股份,XAGF,sz
600595,ST中孚,STZF,sz
600594,益佰制药,YBZY,sz
600593,大连圣亚,DLSY,sz
600592,XD龙溪股,XDLXG,sz
600590,泰豪科技,THKJ,sz
600589,广东榕泰,GDRT,sz
600588,用友网络,YYWL,sz
600587,新华医疗,XHYL,sz
600586,金晶科技,JJKJ,sz
600585,海螺水泥,HLSN,sz
600584,长电科技,ZDKJ,sz
600583,海油工程,HYGC,sz
600582,天地科技,TDKJ,sz
600581,八一钢铁,BYGT,sz
600580,卧龙电驱,WLDQ,sz
600579,克劳斯,KLS,sz
600578,京能电力,JNDL,sz
600577,精达股份,JDGF,sz
600576,祥源文化,XYWH,sz
600575,淮河能源,HHNY,sz
600573,惠泉啤酒,HQPJ,sz
600572,康恩贝,KEB,sz
600571,信雅达,XYD,sz
600570,恒生电子,HSDZ,sz
600569,安阳钢铁,AYGT,sz
600568,*ST中珠,*STZZ,sz
600567,山鹰纸业,SYZY,sz
600566,济川药业,JCYY,sz
600565,迪马股份,DMGF,sz
600563,法拉电子,FLDZ,sz
600562,国睿科技,GRKJ,sz
600561,江西长运,JXZY,sz
600560,金自天正,JZTZ,sz
600559,老白干酒,LBGJ,sz
600558,大西洋,DXY,sz
600557,康缘药业,KYYY,sz
600556,天下秀,TXX,sz
600555,*ST海创,*STHC,sz
600552,凯盛科技,KCKJ,sz
600551,时代出版,SDCB,sz
600550,保变电气,BBDQ,sz
600549,厦门钨业,XMWY,sz
600548,深高速,SGS,sz
600547,山东黄金,SDHJ,sz
600546,山煤国际,SMGJ,sz
600545,卓郎智能,ZLZN,sz
600543,莫高股份,MGGF,sz
600540,新赛股份,XSGF,sz
600539,ST狮头,STST,sz
600538,国发股份,GFGF,sz
600537,亿晶光电,YJGD,sz
600536,中国软件,ZGRJ,sz
600535,天士力,TSL,sz
600533,栖霞建设,QXJS,sz
600532,宏达矿业,HDKY,sz
600531,豫光金铅,YGJY,sz
600530,*ST交昂,*STJA,sz
600529,山东药玻,SDYB,sz
600528,中铁工业,ZTGY,sz
600527,江南高纤,JNGQ,sz
600526,菲达环保,FDHB,sz
600525,长园集团,ZYJT,sz
600523,贵航股份,GHGF,sz
600522,中天科技,ZTKJ,sz
600521,华海药业,HHYY,sz
600520,文一科技,WYKJ,sz
600519,XD贵州茅,XDGZM,sz
600518,ST康美,STKM,sz
600517,国网英大,GWYD,sz
600516,方大炭素,FDTS,sz
600515,海航基础,HHJC,sz
600513,联环药业,LHYY,sz
600512,腾达建设,TDJS,sz
600511,国药股份,GYGF,sz
600510,黑牡丹,HMD,sz
600509,天富能源,TFNY,sz
600508,上海能源,SHNY,sz
600507,方大特钢,FDTG,sz
600506,香梨股份,XLGF,sz
600505,西昌电力,XCDL,sz
600503,华丽家族,HLJZ,sz
600502,安徽建工,AHJG,sz
600501,航天晨光,HTCG,sz
600500,XD中化国,XDZHG,sz
600499,科达洁能,KDJN,sz
600498,烽火通信,FHTX,sz
600497,驰宏锌锗,CHXZ,sz
600496,精工钢构,JGGG,sz
600495,晋西车轴,JXJZ,sz
600493,凤竹纺织,FZFZ,sz
600491,龙元建设,LYJS,sz
600490,鹏欣资源,PXZY,sz
600489,中金黄金,ZJHJ,sz
600488,天药股份,TYGF,sz
600487,亨通光电,HTGD,sz
600486,扬农化工,YNHG,sz
600483,福能股份,FNGF,sz
600482,中国动力,ZGDL,sz
600481,双良节能,SLJN,sz
600480,凌云股份,LYGF,sz
600479,千金药业,QJYY,sz
600478,科力远,KLY,sz
600477,杭萧钢构,HXGG,sz
600476,湘邮科技,XYKJ,sz
600475,华光环能,HGHN,sz
600470,*ST六化,*STLH,sz
600469,风神股份,FSGF,sz
600468,百利电气,BLDQ,sz
600467,好当家,HDJ,sz
600466,蓝光发展,LGFZ,sz
600463,空港股份,KGGF,sz
600462,*ST九有,*STJY,sz
600461,洪城水业,HCSY,sz
600460,士兰微,SLW,sz
600459,贵研铂业,GYBY,sz
600458,时代新材,SDXC,sz
600456,宝钛股份,BTGF,sz
600455,博通股份,BTGF,sz
600452,涪陵电力,FLDL,sz
600449,宁夏建材,NXJC,sz
600448,华纺股份,HFGF,sz
600446,金证股份,JZGF,sz
600444,国机通用,GJTY,sz
600439,瑞贝卡,RBK,sz
600438,通威股份,TWGF,sz
600436,XD片仔癀,XDPZH,sz
600435,北方导航,BFDH,sz
600433,冠豪高新,GHGX,sz
600429,三元股份,SYGF,sz
600428,中远海特,ZYHT,sz
600426,华鲁恒升,HLHS,sz
600425,青松建化,QSJH,sz
600423,ST柳化,STLH,sz
600422,昆药集团,KYJT,sz
600421,ST仰帆,STYF,sz
600420,XD现代制,XDXDZ,sz
600419,天润乳业,TRRY,sz
600418,江淮汽车,JHQJ,sz
600416,*ST湘电,*STXD,sz
600415,小商品城,XSPC,sz
600410,华胜天成,HSTC,sz
600409,三友化工,SYHG,sz
600408,ST安泰,STAT,sz
600406,国电南瑞,GDNR,sz
600405,动力源,DLY,sz
600403,大有能源,DYNY,sz
600400,红豆股份,HDGF,sz
600399,ST抚钢,STFG,sz
600398,海澜之家,HLZJ,sz
600397,安源煤业,AYMY,sz
600396,金山股份,JSGF,sz
600395,盘江股份,PJGF,sz
600393,粤泰股份,YTGF,sz
600392,盛和资源,CHZY,sz
600391,航发科技,HFKJ,sz
600390,五矿资本,WKZB,sz
600389,江山股份,JSGF,sz
600388,龙净环保,LJHB,sz
600387,海越能源,HYNY,sz
600386,北巴传媒,BBCM,sz
600385,ST金泰,STJT,sz
600383,金地集团,JDJT,sz
600382,广东明珠,GDMZ,sz
600381,青海春天,QHCT,sz
600380,健康元,JKY,sz
600379,宝光股份,BGGF,sz
600378,昊华科技,HHKJ,sz
600377,宁沪高速,NHGS,sz
600376,首开股份,SKGF,sz
600375,华菱星马,HLXM,sz
600373,中文传媒,ZWCM,sz
600372,中航电子,ZHDZ,sz
600371,万向德农,MXDN,sz
600370,三房巷,SFH,sz
600369,西南证券,XNZX,sz
600368,五洲交通,WZJT,sz
600367,红星发展,HXFZ,sz
600366,宁波韵升,NBYS,sz
600365,通葡股份,TPGF,sz
600363,联创光电,LCGD,sz
600362,江西铜业,JXTY,sz
600361,华联综超,HLZC,sz
600360,华微电子,HWDZ,sz
600359,新农开发,XNKF,sz
600358,*ST联合,*STLG,sz
600356,恒丰纸业,HFZY,sz
600355,精伦电子,JLDZ,sz
600354,*ST敦种,*STDZ,sz
600353,旭光电子,XGDZ,sz
600352,浙江龙盛,ZJLC,sz
600351,亚宝药业,YBYY,sz
600350,山东高速,SDGS,sz
600348,阳泉煤业,YQMY,sz
600346,恒力石化,HLDH,sz
600345,长江通信,ZJTX,sz
600343,航天动力,HTDL,sz
600340,华夏幸福,HXXF,sz
600339,中油工程,ZYGC,sz
600338,西藏珠峰,XZZF,sz
600337,美克家居,MKJJ,sz
600336,澳柯玛,AKM,sz
600335,国机汽车,GJQJ,sz
600333,长春燃气,ZCRQ,sz
600332,白云山,BYS,sz
600331,宏达股份,HDGF,sz
600330,天通股份,TTGF,sz
600329,XD中新药,XDZXY,sz
600328,中盐化工,ZYHG,sz
600327,大东方,DDF,sz
600326,西藏天路,XZTL,sz
600325,华发股份,HFGF,sz
600323,瀚蓝环境,HLHJ,sz
600322,天房发展,TFFZ,sz
600321,正源股份,ZYGF,sz
600320,振华重工,ZHCG,sz
600319,ST亚星,STYX,sz
600318,新力金融,XLJR,sz
600317,营口港,YKG,sz
600316,洪都航空,HDHK,sz
600315,上海家化,SHJH,sz
600313,农发种业,NFZY,sz
600312,平高电气,PGDQ,sz
600311,*ST荣华,*STRH,sz
600310,桂东电力,GDDL,sz
600309,万华化学,MHHX,sz
600308,华泰股份,HTGF,sz
600307,酒钢宏兴,JGHX,sz
600306,*ST商城,*STSC,sz
600305,恒顺醋业,HSCY,sz
600303,曙光股份,SGGF,sz
600302,标准股份,BZGF,sz
600301,ST南化,STNH,sz
600300,维维股份,WWGF,sz
600299,安迪苏,ADS,sz
600298,安琪酵母,AQJM,sz
600297,广汇汽车,GHQJ,sz
600295,鄂尔多斯,EEDS,sz
600293,三峡新材,SXXC,sz
600292,远达环保,YDHB,sz
600291,西水股份,XSGF,sz
600290,*ST华仪,*STHY,sz
600289,*ST信通,*STXT,sz
600288,大恒科技,DHKJ,sz
600287,江苏舜天,JSST,sz
600285,羚锐制药,LRZY,sz
600284,浦东建设,PDJS,sz
600283,钱江水利,QJSL,sz
600282,南钢股份,NGGF,sz
600281,太化股份,THGF,sz
600280,*ST中商,*STZS,sz
600279,重庆港九,CQGJ,sz
600278,东方创业,DFCY,sz
600277,亿利洁能,YLJN,sz
600276,恒瑞医药,HRYY,sz
600275,ST昌鱼,STCY,sz
600273,嘉化能源,JHNY,sz
600272,开开实业,KKSY,sz
600271,航天信息,HTXX,sz
600269,赣粤高速,GYGS,sz
600268,国电南自,GDNZ,sz
600267,海正药业,HZYY,sz
600266,城建发展,CJFZ,sz
600265,ST景谷,STJG,sz
600262,北方股份,BFGF,sz
600261,阳光照明,YGZM,sz
600260,凯乐科技,KLKJ,sz
600259,广晟有色,GSYS,sz
600258,首旅酒店,SL:JD,sz
600257,大湖股份,DHGF,sz
600256,广汇能源,GHNY,sz
600255,*ST梦舟,*STMZ,sz
600252,中恒集团,ZHJT,sz
600251,冠农股份,GNGF,sz
600250,南纺股份,NFGF,sz
600249,两面针,LMZ,sz
600248,延长化建,YZHJ,sz
600247,ST成城,STCC,sz
600246,万通地产,MTDC,sz
600243,*ST海华,*STHH,sz
600242,中昌数据,ZCSJ,sz
600241,*ST时万,*STSM,sz
600239,云南城投,YNCT,sz
600238,ST椰岛,STYD,sz
600237,铜峰电子,TFDZ,sz
600236,桂冠电力,GGDL,sz
600235,民丰特纸,MFTZ,sz
600234,ST山水,STSS,sz
600233,圆通速递,YTSD,sz
600232,金鹰股份,JYGF,sz
600231,凌钢股份,LGGF,sz
600230,沧州大化,CZDH,sz
600229,城市传媒,CSCM,sz
600228,ST昌九,STCJ,sz
600227,圣济堂,SJT,sz
600226,瀚叶股份,HXGF,sz
600225,*ST松江,*STSJ,sz
600223,鲁商发展,LSFZ,sz
600222,太龙药业,TLYY,sz
600221,海航控股,HHKG,sz
600220,江苏阳光,JSYG,sz
600219,XD南山铝,XDNSL:,sz
600218,全柴动力,QCDL,sz
600217,中再资环,ZZZH,sz
600216,浙江医药,ZJYY,sz
600215,*ST经开,*STJK,sz
600213,亚星客车,YXKJ,sz
600212,*ST江泉,*STJQ,sz
600211,西藏药业,XZYY,sz
600210,紫江企业,ZJQY,sz
600209,ST罗顿,STLD,sz
600208,新湖中宝,XHZB,sz
600207,安彩高科,ACGK,sz
600206,有研新材,YYXC,sz
600203,福日电子,FRDZ,sz
600202,哈空调,HKT,sz
600201,生物股份,SWGF,sz
600200,江苏吴中,JSWZ,sz
600199,金种子酒,JZZJ,sz
600198,大唐电信,DTDX,sz
600197,伊力特,YLT,sz
600196,复星医药,FXYY,sz
600195,中牧股份,ZMGF,sz
600193,ST创兴,STCX,sz
600192,XD长城电,XDZCD,sz
600191,华资实业,HZSY,sz
600190,锦州港,JZG,sz
600189,吉林森工,JLSG,sz
600188,兖州煤业,YZMY,sz
600187,国中水务,GZSW,sz
600186,莲花健康,LHJK,sz
600185,格力地产,GLDC,sz
600184,光电股份,GDGF,sz
600183,生益科技,SYKJ,sz
600182,S佳通,SJT,sz
600180,瑞茂通,RMT,sz
600179,*ST安通,*STAT,sz
600178,东安动力,DADL,sz
600177,雅戈尔,YGE,sz
600176,中国巨石,ZGJD,sz
600175,*ST美都,*STMD,sz
600173,卧龙地产,WLDC,sz
600172,黄河旋风,HHXF,sz
600171,上海贝岭,SHBL,sz
600170,上海建工,SHJG,sz
600169,太原重工,TYCG,sz
600168,武汉控股,WHKG,sz
600167,联美控股,LMKG,sz
600166,福田汽车,FTQJ,sz
600165,新日恒力,XRHL,sz
600163,中闽能源,ZMNY,sz
600162,香江控股,XJKG,sz
600161,天坛生物,TTSW,sz
600160,巨化股份,JHGF,sz
600159,大龙地产,DLDC,sz
600158,中体产业,ZTCY,sz
600157,永泰能源,YTNY,sz
600156,华升股份,HSGF,sz
600155,华创阳安,HCYA,sz
600153,建发股份,JFGF,sz
600152,维科技术,WKJS,sz
600151,航天机电,HTJD,sz
600150,中国船舶,ZGCB,sz
600149,ST坊展,STFZ,sz
600148,长春一东,ZCYD,sz
600146,*ST环球,*STHQ,sz
600145,*ST新亿,*STXY,sz
600143,XD金发科,XDJFK,sz
600141,兴发集团,XFJT,sz
600139,西部资源,XBZY,sz
600138,中青旅,ZQL:,sz
600137,浪莎股份,LSGF,sz
600136,当代文体,DDWT,sz
600135,乐凯胶片,LKJP,sz
600133,东湖高新,DHGX,sz
600132,重庆啤酒,CQPJ,sz
600131,国网信通,GWXT,sz
600130,波导股份,BDGF,sz
600129,太极集团,TJJT,sz
600128,弘业股份,HYGF,sz
600127,金健米业,JJMY,sz
600126,杭钢股份,HGGF,sz
600125,铁龙物流,TLWL,sz
600123,兰花科创,LHKC,sz
600122,*ST宏图,*STHT,sz
600121,郑州煤电,ZZMD,sz
600120,浙江东方,ZJDF,sz
600119,ST长投,STZT,sz
600118,中国卫星,ZGWX,sz
600117,西宁特钢,XNTG,sz
600116,三峡水利,SXSL,sz
600115,东方航空,DFHK,sz
600114,东睦股份,DMGF,sz
600113,浙江东日,ZJDR,sz
600112,ST天成,STTC,sz
600111,北方稀土,BFXT,sz
600110,诺德股份,NDGF,sz
600109,国金证券,GJZX,sz
600108,亚盛集团,YCJT,sz
600107,美尔雅,MEY,sz
600106,重庆路桥,CQLQ,sz
600105,永鼎股份,YDGF,sz
600104,上汽集团,SQJT,sz
600103,青山纸业,QSZY,sz
600101,明星电力,MXDL,sz
600100,同方股份,TFGF,sz
600099,林海股份,LHGF,sz
600098,广州发展,GZFZ,sz
600097,开创国际,KCGJ,sz
600096,云天化,YTH,sz
600095,哈高科,HGK,sz
600094,大名城,DMC,sz
600093,易见股份,YJGF,sz
600091,ST明科,STMK,sz
600090,同济堂,TJT,sz
600089,特变电工,TBDG,sz
600088,中视传媒,ZSCM,sz
600086,*ST金钰,*STJY,sz
600085,同仁堂,TRT,sz
600084,ST中葡,STZP,sz
600083,*ST博信,*STBX,sz
600082,海泰发展,HTFZ,sz
600081,东风科技,DFKJ,sz
600080,ST金花,STJH,sz
600079,人福医药,RFYY,sz
600078,澄星股份,DXGF,sz
600077,宋都股份,SDGF,sz
600076,康欣新材,KXXC,sz
600075,新疆天业,XJTY,sz
600073,上海梅林,SHML,sz
600072,中船科技,ZCKJ,sz
600071,凤凰光学,FHGX,sz
600070,浙江富润,ZJFR,sz
600069,*ST银鸽,*STYG,sz
600068,葛洲坝,GZB,sz
600067,冠城大通,GCDT,sz
600066,宇通客车,YTKJ,sz
600064,南京高科,NJGK,sz
600063,皖维高新,WWGX,sz
600062,华润双鹤,HRSH,sz
600061,国投资本,GTZB,sz
600060,海信视像,HXSX,sz
600059,古越龙山,GYLS,sz
600058,五矿发展,WKFZ,sz
600057,厦门象屿,XMXY,sz
600056,中国医药,ZGYY,sz
600055,万东医疗,MDYL,sz
600054,黄山旅游,HSL:Y,sz
600053,九鼎投资,JDTZ,sz
600052,浙江广厦,ZJGX,sz
600051,宁波联合,NBLG,sz
600050,XD中国联,XDZGL,sz
600048,保利地产,BLDC,sz
600039,四川路桥,SCLQ,sz
600038,中直股份,ZZGF,sz
600037,歌华有线,GHYX,sz
600036,招商银行,ZSYH,sz
600035,楚天高速,CTGS,sz
600033,福建高速,FJGS,sz
600031,三一重工,SYCG,sz
600030,中信证券,ZXZX,sz
600029,南方航空,NFHK,sz
600028,中国石化,ZGDH,sz
600027,华电国际,HDGJ,sz
600026,中远海能,ZYHN,sz
600025,华能水电,HNSD,sz
600023,浙能电力,ZNDL,sz
600022,山东钢铁,SDGT,sz
600021,上海电力,SHDL,sz
600020,中原高速,ZYGS,sz
600019,宝钢股份,BGGF,sz
600018,上港集团,SGJT,sz
600017,日照港,RZG,sz
600016,民生银行,MSYH,sz
600015,华夏银行,HXYH,sz
600012,皖通高速,WTGS,sz
600011,华能国际,HNGJ,sz
600010,包钢股份,BGGF,sz
600009,上海机场,SHJC,sz
600008,首创股份,SCGF,sz
600007,中国国贸,ZGGM,sz
600006,东风汽车,DFQJ,sz
600004,白云机场,BYJC,sz