000001,平安银行,sz
000002,万  科Ａ,sz
000003,PT金田A,sz
000004,国农科技,sz
000005,世纪星源,sz
000006,深振业Ａ,sz
000007,全新好,sz
000008,神州高铁,sz
000009,中国宝安,sz
000010,美丽生态,sz
000011,深物业A,sz
000012,南  玻Ａ,sz
000013,*ST石化A,sz
000014,沙河股份,sz
000015,PT中浩A,sz
000016,深康佳Ａ,sz
000017,*ST中华A,sz
000018,神城A退,sz
000019,深粮控股,sz
000020,深华发Ａ,sz
000021,深科技,sz
000023,深天地Ａ,sz
000024,招商地产,sz
000025,特  力Ａ,sz
000026,飞亚达,sz
000027,深圳能源,sz
000028,国药一致,sz
000029,深深房Ａ,sz
000030,富奥股份,sz
000031,大悦城,sz
000032,深桑达Ａ,sz
000033,新都退,sz
000034,神州数码,sz
000035,中国天楹,sz
000036,华联控股,sz
000037,深南电A,sz
000038,深大通,sz
000039,中集集团,sz
000040,东旭蓝天,sz
000042,中洲控股,sz
000045,深纺织Ａ,sz
000046,泛海控股,sz
000047,ST中侨,sz
000048,京基智农,sz
000049,德赛电池,sz
000050,深天马Ａ,sz
000055,方大集团,sz
000056,皇庭国际,sz
000058,深 赛 格,sz
000059,华锦股份,sz
000060,中金岭南,sz
000061,农 产 品,sz
000062,深圳华强,sz
000063,中兴通讯,sz
000065,北方国际,sz
000066,中国长城,sz
000068,华控赛格,sz
000069,华侨城Ａ,sz
000070,特发信息,sz
000078,海王生物,sz
000088,盐 田 港,sz
000089,深圳机场,sz
000090,天健集团,sz
000096,广聚能源,sz
000099,中信海直,sz
000100,TCL科技,sz
000150,宜华健康,sz
000151,中成股份,sz
000153,丰原药业,sz
000155,川能动力,sz
000156,华数传媒,sz
000157,中联重科,sz
000158,常山北明,sz
000159,国际实业,sz
000166,申万宏源,sz
000301,东方盛虹,sz
000333,美的集团,sz
000338,潍柴动力,sz
000400,许继电气,sz
000401,冀东水泥,sz
000402,金 融 街,sz
000403,双林生物,sz
000404,长虹华意,sz
000405,ST鑫光,sz
000406,石油大明,sz
000407,胜利股份,sz
000408,*ST藏格,sz
000409,ST地矿,sz
000410,*ST沈机,sz
000411,英特集团,sz
000412,ST五环,sz
000413,东旭光电,sz
000415,渤海租赁,sz
000416,民生控股,sz
000417,合肥百货,sz
000418,小天鹅A,sz
000419,通程控股,sz
000420,吉林化纤,sz
000421,南京公用,sz
000422,ST宜化,sz
000423,东阿阿胶,sz
000425,徐工机械,sz
000426,兴业矿业,sz
000428,华天酒店,sz
000429,粤高速Ａ,sz
000430,张家界,sz
000488,晨鸣纸业,sz
000498,山东路桥,sz
000501,鄂武商Ａ,sz
000502,绿景控股,sz
000503,国新健康,sz
000504,ST生物,sz
000505,京粮控股,sz
000506,中润资源,sz
000507,珠海港,sz
000508,琼民源A,sz
000509,*ST华塑,sz
000510,新金路,sz
000511,烯碳退,sz
000513,丽珠集团,sz
000514,渝 开 发,sz
000515,攀渝钛业,sz
000516,国际医学,sz
000517,荣安地产,sz
000518,四环生物,sz
000519,中兵红箭,sz
000520,长航凤凰,sz
000521,长虹美菱,sz
000522,白云山A,sz
000523,广州浪奇,sz
000524,岭南控股,sz
000525,红 太 阳,sz
000526,紫光学大,sz
000527,美的电器,sz
000528,柳    工,sz
000529,广弘控股,sz
000530,冰山冷热,sz
000531,穗恒运Ａ,sz
000532,华金资本,sz
000533,顺钠股份,sz
000534,万泽股份,sz
000535,*ST猴王,sz
000536,*ST华映,sz
000537,广宇发展,sz
000538,云南白药,sz
000539,粤电力Ａ,sz
000540,中天金融,sz
000541,佛山照明,sz
000542,TCL通讯,sz
000543,皖能电力,sz
000544,中原环保,sz
000545,金浦钛业,sz
000546,金圆股份,sz
000547,航天发展,sz
000548,湖南投资,sz
000549,S湘火炬,sz
000550,江铃汽车,sz
000551,创元科技,sz
000552,靖远煤电,sz
000553,安道麦A,sz
000554,泰山石油,sz
000555,神州信息,sz
000556,PT南洋,sz
000557,西部创业,sz
000558,莱茵体育,sz
000559,万向钱潮,sz
000560,我爱我家,sz
000561,烽火电子,sz
000562,宏源证券,sz
000563,陕国投Ａ,sz
000564,供销大集,sz
000565,渝三峡Ａ,sz
000566,海南海药,sz
000567,海德股份,sz
000568,泸州老窖,sz
000569,长城股份,sz
000570,苏常柴Ａ,sz
000571,*ST大洲,sz
000572,ST海马,sz
000573,粤宏远Ａ,sz
000576,广东甘化,sz
000578,盐湖集团,sz
000581,威孚高科,sz
000582,北部湾港,sz
000583,S*ST托普,sz
000584,哈工智能,sz
000585,*ST东电,sz
000586,汇源通信,sz
000587,*ST金洲,sz
000588,PT粤金曼,sz
000589,贵州轮胎,sz
000590,启迪古汉,sz
000591,太阳能,sz
000592,平潭发展,sz
000593,大通燃气,sz
000594,国恒退,sz
000595,*ST宝实,sz
000596,古井贡酒,sz
000597,东北制药,sz
000598,兴蓉环境,sz
000599,青岛双星,sz
000600,建投能源,sz
000601,韶能股份,sz
000602,金马集团,sz
000603,盛达资源,sz
000605,渤海股份,sz
000606,顺利办,sz
000607,华媒控股,sz
000608,阳光股份,sz
000609,中迪投资,sz
000610,西安旅游,sz
000611,ST天首,sz
000612,焦作万方,sz
000613,大东海A,sz
000615,京汉股份,sz
000616,海航投资,sz
000617,中油资本,sz
000618,吉林化工,sz
000619,海螺型材,sz
000620,新华联,sz
000621,*ST比特,sz
000622,恒立实业,sz
000623,吉林敖东,sz
000625,长安汽车,sz
000626,远大控股,sz
000627,天茂集团,sz
000628,高新发展,sz
000629,攀钢钒钛,sz
000630,铜陵有色,sz
000631,顺发恒业,sz
000632,三木集团,sz
000633,合金投资,sz
000635,英 力 特,sz
000636,风华高科,sz
000637,茂化实华,sz
000638,万方发展,sz
000639,西王食品,sz
000650,仁和药业,sz
000651,格力电器,sz
000652,泰达股份,sz
000653,ST九州,sz
000655,金岭矿业,sz
000656,金科股份,sz
000657,中钨高新,sz
000658,ST海洋,sz
000659,珠海中富,sz
000660,*ST南华,sz
000661,长春高新,sz
000662,*ST天夏,sz
000663,*ST永林,sz
000665,湖北广电,sz
000666,经纬纺机,sz
000667,美好置业,sz
000668,荣丰控股,sz
000669,*ST金鸿,sz
000670,*ST盈方,sz
000671,阳 光 城,sz
000672,上峰水泥,sz
000673,*ST当代,sz
000675,ST银山,sz
000676,智度股份,sz
000677,恒天海龙,sz
000678,襄阳轴承,sz
000679,*ST友谊,sz
000680,山推股份,sz
000681,视觉中国,sz
000682,东方电子,sz
000683,远兴能源,sz
000685,中山公用,sz
000686,东北证券,sz
000687,*ST华讯,sz
000688,国城矿业,sz
000689,ST宏业,sz
000690,宝新能源,sz
000691,亚太实业,sz
000692,惠天热电,sz
000693,华泽退,sz
000695,滨海能源,sz
000697,炼石航空,sz
000698,沈阳化工,sz
000699,S*ST佳纸,sz
000700,模塑科技,sz
000701,厦门信达,sz
000702,正虹科技,sz
000703,恒逸石化,sz
000705,浙江震元,sz
000707,ST双环,sz
000708,中信特钢,sz
000709,河钢股份,sz
000710,贝瑞基因,sz
000711,京蓝科技,sz
000712,锦龙股份,sz
000713,丰乐种业,sz
000715,中兴商业,sz
000716,黑芝麻,sz
000717,韶钢松山,sz
000718,苏宁环球,sz
000719,中原传媒,sz
000720,新能泰山,sz
000721,西安饮食,sz
000722,湖南发展,sz
000723,美锦能源,sz
000725,京东方Ａ,sz
000726,鲁  泰Ａ,sz
000727,*ST东科,sz
000728,国元证券,sz
000729,燕京啤酒,sz
000730,*ST环保,sz
000731,四川美丰,sz
000732,泰禾集团,sz
000733,振华科技,sz
000735,罗 牛 山,sz
000736,中交地产,sz
000737,ST南风,sz
000738,航发控制,sz
000739,普洛药业,sz
000748,长城信息,sz
000750,国海证券,sz
000751,锌业股份,sz
000752,*ST西发,sz
000753,漳州发展,sz
000755,山西路桥,sz
000756,新华制药,sz
000757,浩物股份,sz
000758,中色股份,sz
000759,中百集团,sz
000760,*ST斯太,sz
000761,本钢板材,sz
000762,西藏矿业,sz
000763,锦州石化,sz
000765,*ST华信,sz
000766,通化金马,sz
000767,漳泽电力,sz
000768,中航飞机,sz
000769,*ST大菲,sz
000776,广发证券,sz
000777,中核科技,sz
000778,新兴铸管,sz
000779,甘咨询,sz
000780,*ST平能,sz
000782,美达股份,sz
000783,长江证券,sz
000785,居然之家,sz
000786,北新建材,sz
000787,*ST创智,sz
000788,北大医药,sz
000789,万年青,sz
000790,华神科技,sz
000791,甘肃电投,sz
000792,*ST盐湖,sz
000793,华闻集团,sz
000795,英洛华,sz
000796,凯撒旅业,sz
000797,中国武夷,sz
000798,中水渔业,sz
000799,酒鬼酒,sz
000800,一汽解放,sz
000801,四川九洲,sz
000802,北京文化,sz
000803,*ST北能,sz
000805,*ST炎黄,sz
000806,*ST银河,sz
000807,云铝股份,sz
000809,铁岭新城,sz
000810,创维数字,sz
000811,冰轮环境,sz
000812,陕西金叶,sz
000813,德展健康,sz
000815,美利云,sz
000816,ST慧业,sz
000817,辽河油田,sz
000818,航锦科技,sz
000819,岳阳兴长,sz
000820,*ST节能,sz
000821,京山轻机,sz
000822,山东海化,sz
000823,超声电子,sz
000825,太钢不锈,sz
000826,启迪环境,sz
000827,*ST长兴,sz
000828,东莞控股,sz
000829,天音控股,sz
000830,鲁西化工,sz
000831,五矿稀土,sz
000832,*ST龙涤,sz
000833,粤桂股份,sz
000835,*ST长动,sz
000836,富通鑫茂,sz
000837,*ST秦机,sz
000838,财信发展,sz
000839,中信国安,sz
000848,承德露露,sz
000850,华茂股份,sz
000851,高鸿股份,sz
000852,石化机械,sz
000856,冀东装备,sz
000858,五 粮 液,sz
000859,国风塑业,sz
000860,顺鑫农业,sz
000861,海印股份,sz
000862,银星能源,sz
000863,三湘印象,sz
000866,扬子石化,sz
000868,ST安凯,sz
000869,张  裕Ａ,sz
000875,吉电股份,sz
000876,新 希 望,sz
000877,天山股份,sz
000878,云南铜业,sz
000880,潍柴重机,sz
000881,中广核技,sz
000882,华联股份,sz
000883,湖北能源,sz
000885,城发环境,sz
000886,海南高速,sz
000887,中鼎股份,sz
000888,峨眉山Ａ,sz
000889,中嘉博创,sz
000890,*ST胜尔,sz
000892,欢瑞世纪,sz
000893,亚钾国际,sz
000895,双汇发展,sz
000897,津滨发展,sz
000898,鞍钢股份,sz
000899,赣能股份,sz
000900,现代投资,sz
000901,航天科技,sz
000902,新洋丰,sz
000903,云内动力,sz
000905,厦门港务,sz
000906,浙商中拓,sz
000908,景峰医药,sz
000909,数源科技,sz
000910,大亚圣象,sz
000911,南宁糖业,sz
000912,泸天化,sz
000913,钱江摩托,sz
000915,山大华特,sz
000916,华北高速,sz
000917,电广传媒,sz
000918,嘉凯城,sz
000919,金陵药业,sz
000920,南方汇通,sz
000921,海信家电,sz
000922,佳电股份,sz
000923,河钢资源,sz
000925,众合科技,sz
000926,福星股份,sz
000927,*ST夏利,sz
000928,中钢国际,sz
000929,兰州黄河,sz
000930,中粮科技,sz
000931,中 关 村,sz
000932,华菱钢铁,sz
000933,神火股份,sz
000935,四川双马,sz
000936,华西股份,sz
000937,冀中能源,sz
000938,紫光股份,sz
000939,*ST凯迪,sz
000948,南天信息,sz
000949,新乡化纤,sz
000950,重药控股,sz
000951,中国重汽,sz
000952,广济药业,sz
000953,*ST河化,sz
000955,欣龙控股,sz
000956,中原油气,sz
000957,中通客车,sz
000958,东方能源,sz
000959,首钢股份,sz
000960,锡业股份,sz
000961,中南建设,sz
000962,东方钽业,sz
000963,华东医药,sz
000965,天保基建,sz
000966,长源电力,sz
000967,盈峰环境,sz
000968,蓝焰控股,sz
000969,安泰科技,sz
000970,中科三环,sz
000971,*ST高升,sz
000972,ST中基,sz
000973,佛塑科技,sz
000975,银泰黄金,sz
000976,华铁股份,sz
000977,浪潮信息,sz
000978,桂林旅游,sz
000979,中弘退,sz
000980,*ST众泰,sz
000981,*ST银亿,sz
000982,*ST 中绒,sz
000983,西山煤电,sz
000985,大庆华科,sz
000987,越秀金控,sz
000988,华工科技,sz
000989,九 芝 堂,sz
000990,诚志股份,sz
000993,闽东电力,sz
000995,*ST皇台,sz
000996,中国中期,sz
000997,新 大 陆,sz
000998,隆平高科,sz
000999,华润三九,sz
001696,宗申动力,sz
001872,招商港口,sz
001896,豫能控股,sz
001914,招商积余,sz
001965,招商公路,sz
001979,招商蛇口,sz
002001,新 和 成,sz
002002,鸿达兴业,sz
002003,伟星股份,sz
002004,华邦健康,sz
002005,*ST德豪,sz
002006,精功科技,sz
002007,华兰生物,sz
002008,大族激光,sz
002009,天奇股份,sz
002010,传化智联,sz
002011,盾安环境,sz
002012,凯恩股份,sz
002013,中航机电,sz
002014,永新股份,sz
002015,协鑫能科,sz
002016,世荣兆业,sz
002017,东信和平,sz
002018,华信退,sz
002019,亿帆医药,sz
002020,京新药业,sz
002021,ST中捷,sz
002022,科华生物,sz
002023,海特高新,sz
002024,苏宁易购,sz
002025,航天电器,sz
002026,山东威达,sz
002027,分众传媒,sz
002028,思源电气,sz
002029,七 匹 狼,sz
002030,达安基因,sz
002031,巨轮智能,sz
002032,苏 泊 尔,sz
002033,丽江股份,sz
002034,旺能环境,sz
002035,华帝股份,sz
002036,联创电子,sz
002037,保利联合,sz
002038,双鹭药业,sz
002039,黔源电力,sz
002040,南 京 港,sz
002041,登海种业,sz
002042,华孚时尚,sz
002043,兔 宝 宝,sz
002044,美年健康,sz
002045,国光电器,sz
002046,轴研科技,sz
002047,宝鹰股份,sz
002048,宁波华翔,sz
002049,紫光国微,sz
002050,三花智控,sz
002051,中工国际,sz
002052,*ST同洲,sz
002053,云南能投,sz
002054,德美化工,sz
002055,得润电子,sz
002056,横店东磁,sz
002057,中钢天源,sz
002058,威 尔 泰,sz
002059,云南旅游,sz
002060,粤 水 电,sz
002061,浙江交科,sz
002062,宏润建设,sz
002063,远光软件,sz
002064,华峰氨纶,sz
002065,东华软件,sz
002066,瑞泰科技,sz
002067,景兴纸业,sz
002068,黑猫股份,sz
002069,獐子岛,sz
002070,众和退,sz
002071,*ST长城,sz
002072,ST凯瑞,sz
002073,软控股份,sz
002074,国轩高科,sz
002075,沙钢股份,sz
002076,*ST雪莱,sz
002077,*ST大港,sz
002078,太阳纸业,sz
002079,苏州固锝,sz
002080,中材科技,sz
002081,金 螳 螂,sz
002082,万邦德,sz
002083,孚日股份,sz
002084,海鸥住工,sz
002085,万丰奥威,sz
002086,*ST东洋,sz
002087,新野纺织,sz
002088,鲁阳节能,sz
002089,ST新海,sz
002090,金智科技,sz
002091,江苏国泰,sz
002092,中泰化学,sz
002093,国脉科技,sz
002094,青岛金王,sz
002095,生 意 宝,sz
002096,南岭民爆,sz
002097,山河智能,sz
002098,浔兴股份,sz
002099,海翔药业,sz
002100,天康生物,sz
002101,广东鸿图,sz
002102,ST冠福,sz
002103,广博股份,sz
002104,恒宝股份,sz
002105,信隆健康,sz
002106,莱宝高科,sz
002107,沃华医药,sz
002108,沧州明珠,sz
002109,兴化股份,sz
002110,三钢闽光,sz
002111,威海广泰,sz
002112,三变科技,sz
002113,*ST天润,sz
002114,罗平锌电,sz
002115,三维通信,sz
002116,中国海诚,sz
002117,东港股份,sz
002118,紫鑫药业,sz
002119,康强电子,sz
002120,韵达股份,sz
002121,*ST科陆,sz
002122,*ST天马,sz
002123,梦网集团,sz
002124,天邦股份,sz
002125,湘潭电化,sz
002126,银轮股份,sz
002127,南极电商,sz
002128,露天煤业,sz
002129,中环股份,sz
002130,沃尔核材,sz
002131,利欧股份,sz
002132,恒星科技,sz
002133,广宇集团,sz
002134,天津普林,sz
002135,东南网架,sz
002136,安 纳 达,sz
002137,麦达数字,sz
002138,顺络电子,sz
002139,拓邦股份,sz
002140,东华科技,sz
002141,贤丰控股,sz
002142,宁波银行,sz
002143,印纪退,sz
002144,宏达高科,sz
002145,中核钛白,sz
002146,荣盛发展,sz
002147,*ST新光,sz
002148,北纬科技,sz
002149,西部材料,sz
002150,通润装备,sz
002151,北斗星通,sz
002152,广电运通,sz
002153,石基信息,sz
002154,报 喜 鸟,sz
002155,湖南黄金,sz
002156,通富微电,sz
002157,正邦科技,sz
002158,汉钟精机,sz
002159,三特索道,sz
002160,常铝股份,sz
002161,远 望 谷,sz
002162,悦心健康,sz
002163,海南发展,sz
002164,宁波东力,sz
002165,红 宝 丽,sz
002166,莱茵生物,sz
002167,东方锆业,sz
002168,惠程科技,sz
002169,智光电气,sz
002170,芭田股份,sz
002171,楚江新材,sz
002172,澳洋健康,sz
002173,创新医疗,sz
002174,游族网络,sz
002175,*ST东网,sz
002176,*ST江特,sz
002177,御银股份,sz
002178,延华智能,sz
002179,中航光电,sz
002180,纳思达,sz
002181,粤 传 媒,sz
002182,云海金属,sz
002183,怡 亚 通,sz
002184,海得控制,sz
002185,华天科技,sz
002186,全 聚 德,sz
002187,广百股份,sz
002188,ST巴士,sz
002189,中光学,sz
002190,成飞集成,sz
002191,劲嘉股份,sz
002192,*ST融捷,sz
002193,如意集团,sz
002194,武汉凡谷,sz
002195,二三四五,sz
002196,方正电机,sz
002197,证通电子,sz
002198,嘉应制药,sz
002199,东晶电子,sz
002200,ST云投,sz
002201,九鼎新材,sz
002202,金风科技,sz
002203,海亮股份,sz
002204,大连重工,sz
002205,国统股份,sz
002206,海 利 得,sz
002207,准油股份,sz
002208,合肥城建,sz
002209,达 意 隆,sz
002210,*ST飞马,sz
002211,宏达新材,sz
002212,南洋股份,sz
002213,大为股份,sz
002214,大立科技,sz
002215,诺 普 信,sz
002216,三全食品,sz
002217,合力泰,sz
002218,拓日新能,sz
002219,*ST恒康,sz
002220,天宝退,sz
002221,东华能源,sz
002222,福晶科技,sz
002223,鱼跃医疗,sz
002224,三 力 士,sz
002225,濮耐股份,sz
002226,江南化工,sz
002227,奥 特 迅,sz
002228,合兴包装,sz
002229,鸿博股份,sz
002230,科大讯飞,sz
002231,奥维通信,sz
002232,启明信息,sz
002233,塔牌集团,sz
002234,民和股份,sz
002235,安妮股份,sz
002236,大华股份,sz
002237,恒邦股份,sz
002238,天威视讯,sz
002239,奥特佳,sz
002240,威华股份,sz
002241,歌尔股份,sz
002242,九阳股份,sz
002243,通产丽星,sz
002244,滨江集团,sz
002245,澳洋顺昌,sz
002246,北化股份,sz
002247,*ST聚力,sz
002248,华东数控,sz
002249,大洋电机,sz
002250,联化科技,sz
002251,步 步 高,sz
002252,上海莱士,sz
002253,川大智胜,sz
002254,泰和新材,sz
002255,*ST海陆,sz
002256,*ST兆新,sz
002258,利尔化学,sz
002259,*ST升达,sz
002260,*ST德奥,sz
002261,拓维信息,sz
002262,恩华药业,sz
002263,大东南,sz
002264,新 华 都,sz
002265,西仪股份,sz
002266,浙富控股,sz
002267,陕天然气,sz
002268,卫 士 通,sz
002269,美邦服饰,sz
002270,华明装备,sz
002271,东方雨虹,sz
002272,川润股份,sz
002273,水晶光电,sz
002274,华昌化工,sz
002275,桂林三金,sz
002276,万马股份,sz
002277,友阿股份,sz
002278,神开股份,sz
002279,久其软件,sz
002280,*ST联络,sz
002281,光迅科技,sz
002282,博深股份,sz
002283,天润工业,sz
002284,亚太股份,sz
002285,世联行,sz
002286,保龄宝,sz
002287,奇正藏药,sz
002288,超华科技,sz
002289,ST宇顺,sz
002290,ST中科创,sz
002291,星期六,sz
002292,奥飞娱乐,sz
002293,罗莱生活,sz
002294,信立泰,sz
002295,精艺股份,sz
002296,辉煌科技,sz
002297,博云新材,sz
002298,中电兴发,sz
002299,圣农发展,sz
002300,太阳电缆,sz
002301,齐心集团,sz
002302,西部建设,sz
002303,美盈森,sz
002304,洋河股份,sz
002305,南国置业,sz
002306,ST云网,sz
002307,北新路桥,sz
002308,威创股份,sz
002309,中利集团,sz
002310,东方园林,sz
002311,海大集团,sz
002312,三泰控股,sz
002313,日海智能,sz
002314,南山控股,sz
002315,焦点科技,sz
002316,亚联发展,sz
002317,众生药业,sz
002318,久立特材,sz
002319,*ST乐通,sz
002320,海峡股份,sz
002321,华英农业,sz
002322,理工环科,sz
002323,*ST雅博,sz
002324,普利特,sz
002325,洪涛股份,sz
002326,永太科技,sz
002327,富安娜,sz
002328,新朋股份,sz
002329,皇氏集团,sz
002330,得利斯,sz
002331,皖通科技,sz
002332,仙琚制药,sz
002333,ST罗普,sz
002334,英威腾,sz
002335,科华恒盛,sz
002336,ST人乐,sz
002337,赛象科技,sz
002338,奥普光电,sz
002339,积成电子,sz
002340,格林美,sz
002341,新纶科技,sz
002342,巨力索具,sz
002343,慈文传媒,sz
002344,海宁皮城,sz
002345,潮宏基,sz
002346,柘中股份,sz
002347,泰尔股份,sz
002348,高乐股份,sz
002349,精华制药,sz
002350,北京科锐,sz
002351,漫步者,sz
002352,顺丰控股,sz
002353,杰瑞股份,sz
002354,*ST天娱,sz
002355,兴民智通,sz
002356,*ST赫美,sz
002357,富临运业,sz
002358,森源电气,sz
002359,*ST北讯,sz
002360,同德化工,sz
002361,神剑股份,sz
002362,汉王科技,sz
002363,隆基机械,sz
002364,中恒电气,sz
002365,永安药业,sz
002366,台海核电,sz
002367,康力电梯,sz
002368,太极股份,sz
002369,卓翼科技,sz
002370,亚太药业,sz
002371,北方华创,sz
002372,伟星新材,sz
002373,千方科技,sz
002374,丽鹏股份,sz
002375,亚厦股份,sz
002376,新北洋,sz
002377,国创高新,sz
002378,章源钨业,sz
002379,宏创控股,sz
002380,科远智慧,sz
002381,双箭股份,sz
002382,蓝帆医疗,sz
002383,合众思壮,sz
002384,东山精密,sz
002385,大北农,sz
002386,天原集团,sz
002387,维信诺,sz
002388,新亚制程,sz
002389,航天彩虹,sz
002390,信邦制药,sz
002391,长青股份,sz
002392,北京利尔,sz
002393,力生制药,sz
002394,联发股份,sz
002395,双象股份,sz
002396,星网锐捷,sz
002397,梦洁股份,sz
002398,垒知集团,sz
002399,海普瑞,sz
002400,省广集团,sz
002401,中远海科,sz
002402,和而泰,sz
002403,爱仕达,sz
002404,嘉欣丝绸,sz
002405,四维图新,sz
002406,远东传动,sz
002407,多氟多,sz
002408,齐翔腾达,sz
002409,雅克科技,sz
002410,广联达,sz
002411,延安必康,sz
002412,汉森制药,sz
002413,雷科防务,sz
002414,高德红外,sz
002415,海康威视,sz
002416,爱施德,sz
002417,深南股份,sz
002418,*ST康盛,sz
002419,天虹股份,sz
002420,ST毅昌,sz
002421,达实智能,sz
002422,科伦药业,sz
002423,中粮资本,sz
002424,贵州百灵,sz
002425,凯撒文化,sz
002426,*ST胜利,sz
002427,ST尤夫,sz
002428,云南锗业,sz
002429,兆驰股份,sz
002430,杭氧股份,sz
002431,棕榈股份,sz
002432,九安医疗,sz
002433,太安堂,sz
002434,万里扬,sz
002435,长江健康,sz
002436,兴森科技,sz
002437,誉衡药业,sz
002438,江苏神通,sz
002439,启明星辰,sz
002440,闰土股份,sz
002441,众业达,sz
002442,龙星化工,sz
002443,金洲管道,sz
002444,巨星科技,sz
002445,*ST中南,sz
002446,盛路通信,sz
002447,*ST晨鑫,sz
002448,中原内配,sz
002449,国星光电,sz
002450,*ST康得,sz
002451,摩恩电气,sz
002452,长高集团,sz
002453,华软科技,sz
002454,松芝股份,sz
002455,百川股份,sz
002456,欧菲光,sz
002457,青龙管业,sz
002458,益生股份,sz
002459,晶澳科技,sz
002460,赣锋锂业,sz
002461,珠江啤酒,sz
002462,嘉事堂,sz
002463,沪电股份,sz
002464,众应互联,sz
002465,海格通信,sz
002466,天齐锂业,sz
002467,二六三,sz
002468,申通快递,sz
002469,三维工程,sz
002470,*ST金正,sz
002471,中超控股,sz
002472,双环传动,sz
002473,ST圣莱,sz
002474,榕基软件,sz
002475,立讯精密,sz
002476,宝莫股份,sz
002477,雏鹰退,sz
002478,常宝股份,sz
002479,富春环保,sz
002480,新筑股份,sz
002481,双塔食品,sz
002482,广田集团,sz
002483,润邦股份,sz
002484,江海股份,sz
002485,希努尔,sz
002486,嘉麟杰,sz
002487,大金重工,sz
002488,金固股份,sz
002489,浙江永强,sz
002490,山东墨龙,sz
002491,通鼎互联,sz
002492,恒基达鑫,sz
002493,荣盛石化,sz
002494,华斯股份,sz
002495,佳隆股份,sz
002496,*ST辉丰,sz
002497,雅化集团,sz
002498,汉缆股份,sz
002499,*ST科林,sz
002500,山西证券,sz
002501,*ST利源,sz
002502,*ST鼎龙,sz
002503,搜于特,sz
002504,弘高创意,sz
002505,大康农业,sz
002506,协鑫集成,sz
002507,涪陵榨菜,sz
002508,老板电器,sz
002509,天茂退,sz
002510,天汽模,sz
002511,中顺洁柔,sz
002512,达华智能,sz
002513,*ST蓝丰,sz
002514,宝馨科技,sz
002515,金字火腿,sz
002516,旷达科技,sz
002517,恺英网络,sz
002518,科士达,sz
002519,银河电子,sz
002520,日发精机,sz
002521,齐峰新材,sz
002522,浙江众成,sz
002523,天桥起重,sz
002524,光正集团,sz
002526,山东矿机,sz
002527,新时达,sz
002528,英飞拓,sz
002529,*ST海源,sz
002530,金财互联,sz
002531,天顺风能,sz
002532,新界泵业,sz
002533,金杯电工,sz
002534,杭锅股份,sz
002535,*ST林重,sz
002536,飞龙股份,sz
002537,海联金汇,sz
002538,司尔特,sz
002539,云图控股,sz
002540,亚太科技,sz
002541,鸿路钢构,sz
002542,中化岩土,sz
002543,万和电气,sz
002544,杰赛科技,sz
002545,东方铁塔,sz
002546,新联电子,sz
002547,春兴精工,sz
002548,金新农,sz
002549,凯美特气,sz
002550,千红制药,sz
002551,尚荣医疗,sz
002552,宝鼎科技,sz
002553,南方轴承,sz
002554,惠博普,sz
002555,三七互娱,sz
002556,辉隆股份,sz
002557,洽洽食品,sz
002558,巨人网络,sz
002559,亚威股份,sz
002560,通达股份,sz
002561,徐家汇,sz
002562,兄弟科技,sz
002563,森马服饰,sz
002564,天沃科技,sz
002565,顺灏股份,sz
002566,益盛药业,sz
002567,唐人神,sz
002568,百润股份,sz
002569,ST步森,sz
002570,贝因美,sz
002571,德力股份,sz
002572,索菲亚,sz
002573,清新环境,sz
002574,明牌珠宝,sz
002575,*ST群兴,sz
002576,通达动力,sz
002577,雷柏科技,sz
002578,闽发铝业,sz
002579,中京电子,sz
002580,圣阳股份,sz
002581,未名医药,sz
002582,好想你,sz
002583,海能达,sz
002584,西陇科学,sz
002585,双星新材,sz
002586,*ST围海,sz
002587,奥拓电子,sz
002588,史丹利,sz
002589,瑞康医药,sz
002590,万安科技,sz
002591,恒大高新,sz
002592,ST八菱,sz
002593,日上集团,sz
002594,比亚迪,sz
002595,豪迈科技,sz
002596,海南瑞泽,sz
002597,金禾实业,sz
002598,山东章鼓,sz
002599,盛通股份,sz
002600,领益智造,sz
002601,龙蟒佰利,sz
002602,世纪华通,sz
002603,以岭药业,sz
002604,龙力退,sz
002605,姚记科技,sz
002606,大连电瓷,sz
002607,中公教育,sz
002608,江苏国信,sz
002609,捷顺科技,sz
002610,爱康科技,sz
002611,东方精工,sz
002612,朗姿股份,sz
002613,北玻股份,sz
002614,奥佳华,sz
002615,哈尔斯,sz
002616,长青集团,sz
002617,露笑科技,sz
002618,丹邦科技,sz
002619,艾格拉斯,sz
002620,瑞和股份,sz
002621,美吉姆,sz
002622,融钰集团,sz
002623,亚玛顿,sz
002624,完美世界,sz
002625,光启技术,sz
002626,金达威,sz
002627,宜昌交运,sz
002628,成都路桥,sz
002629,ST仁智,sz
002630,华西能源,sz
002631,德尔未来,sz
002632,道明光学,sz
002633,申科股份,sz
002634,棒杰股份,sz
002635,安洁科技,sz
002636,金安国纪,sz
002637,赞宇科技,sz
002638,*ST勤上,sz
002639,雪人股份,sz
002640,跨境通,sz
002641,永高股份,sz
002642,荣联科技,sz
002643,万润股份,sz
002644,佛慈制药,sz
002645,华宏科技,sz
002646,青青稞酒,sz
002647,仁东控股,sz
002648,卫星石化,sz
002649,博彦科技,sz
002650,ST加加,sz
002651,利君股份,sz
002652,扬子新材,sz
002653,海思科,sz
002654,万润科技,sz
002655,共达电声,sz
002656,ST摩登,sz
002657,中科金财,sz
002658,雪迪龙,sz
002659,凯文教育,sz
002660,茂硕电源,sz
002661,克明面业,sz
002662,京威股份,sz
002663,普邦股份,sz
002664,长鹰信质,sz
002665,首航高科,sz
002666,德联集团,sz
002667,鞍重股份,sz
002668,奥马电器,sz
002669,康达新材,sz
002670,国盛金控,sz
002671,龙泉股份,sz
002672,东江环保,sz
002673,西部证券,sz
002674,兴业科技,sz
002675,东诚药业,sz
002676,顺威股份,sz
002677,浙江美大,sz
002678,珠江钢琴,sz
002679,福建金森,sz
002680,长生退,sz
002681,*ST奋达,sz
002682,龙洲股份,sz
002683,宏大爆破,sz
002684,*ST猛狮,sz
002685,华东重机,sz
002686,亿利达,sz
002687,乔治白,sz
002688,金河生物,sz
002689,远大智能,sz
002690,美亚光电,sz
002691,冀凯股份,sz
002692,ST远程,sz
002693,双成药业,sz
002694,顾地科技,sz
002695,煌上煌,sz
002696,百洋股份,sz
002697,红旗连锁,sz
002698,博实股份,sz
002699,美盛文化,sz
002700,ST浩源,sz
002701,奥瑞金,sz
002702,海欣食品,sz
002703,浙江世宝,sz
002705,新宝股份,sz
002706,良信电器,sz
002707,众信旅游,sz
002708,光洋股份,sz
002709,天赐材料,sz
002711,*ST欧浦,sz
002712,思美传媒,sz
002713,东易日盛,sz
002714,牧原股份,sz
002715,登云股份,sz
002716,*ST金贵,sz
002717,岭南股份,sz
002718,友邦吊顶,sz
002719,*ST麦趣,sz
002721,金一文化,sz
002722,金轮股份,sz
002723,金莱特,sz
002724,海洋王,sz
002725,跃岭股份,sz
002726,龙大肉食,sz
002727,一心堂,sz
002728,特一药业,sz
002729,好利来,sz
002730,电光科技,sz
002731,萃华珠宝,sz
002732,燕塘乳业,sz
002733,雄韬股份,sz
002734,利民股份,sz
002735,王子新材,sz
002736,国信证券,sz
002737,葵花药业,sz
002738,中矿资源,sz
002739,万达电影,sz
002740,爱迪尔,sz
002741,光华科技,sz
002742,三圣股份,sz
002743,富煌钢构,sz
002745,木林森,sz
002746,仙坛股份,sz
002747,埃斯顿,sz
002748,世龙实业,sz
002749,国光股份,sz
002750,龙津药业,sz
002751,易尚展示,sz
002752,昇兴股份,sz
002753,永东股份,sz
002755,奥赛康,sz
002756,永兴材料,sz
002757,南兴股份,sz
002758,华通医药,sz
002759,天际股份,sz
002760,凤形股份,sz
002761,多喜爱,sz
002762,金发拉比,sz
002763,汇洁股份,sz
002765,蓝黛传动,sz
002766,*ST索菱,sz
002767,先锋电子,sz
002768,国恩股份,sz
002769,普路通,sz
002770,ST科迪,sz
002771,真视通,sz
002772,众兴菌业,sz
002773,康弘药业,sz
002774,快意电梯,sz
002775,文科园林,sz
002776,柏堡龙,sz
002777,久远银海,sz
002778,高科石化,sz
002779,中坚科技,sz
002780,三夫户外,sz
002781,奇信股份,sz
002782,可立克,sz
002783,凯龙股份,sz
002785,万里石,sz
002786,银宝山新,sz
002787,华源控股,sz
002788,鹭燕医药,sz
002789,建艺集团,sz
002790,瑞尔特,sz
002791,坚朗五金,sz
002792,通宇通讯,sz
002793,罗欣药业,sz
002795,永和智控,sz
002796,世嘉科技,sz
002797,第一创业,sz
002798,帝欧家居,sz
002799,环球印务,sz
002800,天顺股份,sz
002801,微光股份,sz
002802,洪汇新材,sz
002803,吉宏股份,sz
002805,丰元股份,sz
002806,华锋股份,sz
002807,江阴银行,sz
002808,恒久科技,sz
002809,红墙股份,sz
002810,山东赫达,sz
002811,郑中设计,sz
002812,恩捷股份,sz
002813,路畅科技,sz
002815,崇达技术,sz
002816,和科达,sz
002817,黄山胶囊,sz
002818,富森美,sz
002819,东方中科,sz
002820,桂发祥,sz
002821,凯莱英,sz
002822,中装建设,sz
002823,凯中精密,sz
002824,和胜股份,sz
002825,纳尔股份,sz
002826,易明医药,sz
002827,高争民爆,sz
002828,贝肯能源,sz
002829,星网宇达,sz
002830,名雕股份,sz
002831,裕同科技,sz
002832,比音勒芬,sz
002833,弘亚数控,sz
002835,同为股份,sz
002836,新宏泽,sz
002837,英维克,sz
002838,道恩股份,sz
002839,张家港行,sz
002840,华统股份,sz
002841,视源股份,sz
002842,翔鹭钨业,sz
002843,泰嘉股份,sz
002845,同兴达,sz
002846,英联股份,sz
002847,盐津铺子,sz
002848,高斯贝尔,sz
002849,威星智能,sz
002850,科达利,sz
002851,麦格米特,sz
002852,道道全,sz
002853,皮阿诺,sz
002855,捷荣技术,sz
002856,美芝股份,sz
002857,三晖电气,sz
002858,力盛赛车,sz
002859,洁美科技,sz
002860,星帅尔,sz
002861,瀛通通讯,sz
002862,实丰文化,sz
002863,今飞凯达,sz
002864,盘龙药业,sz
002865,钧达股份,sz
002866,传艺科技,sz
002867,周大生,sz
002868,绿康生化,sz
002869,金溢科技,sz
002870,香山股份,sz
002871,伟隆股份,sz
002872,ST天圣,sz
002873,新天药业,sz
002875,安奈儿,sz
002876,三利谱,sz
002877,智能自控,sz
002878,元隆雅图,sz
002879,长缆科技,sz
002880,卫光生物,sz
002881,美格智能,sz
002882,金龙羽,sz
002883,中设股份,sz
002884,凌霄泵业,sz
002885,京泉华,sz
002886,沃特股份,sz
002887,绿茵生态,sz
002888,惠威科技,sz
002889,东方嘉盛,sz
002890,弘宇股份,sz
002891,中宠股份,sz
002892,科力尔,sz
002893,华通热力,sz
002895,川恒股份,sz
002896,中大力德,sz
002897,意华股份,sz
002898,赛隆药业,sz
002899,英派斯,sz
002900,哈三联,sz
002901,大博医疗,sz
002902,铭普光磁,sz
002903,宇环数控,sz
002905,金逸影视,sz
002906,华阳集团,sz
002907,华森制药,sz
002908,德生科技,sz
002909,集泰股份,sz
002910,庄园牧场,sz
002911,佛燃能源,sz
002912,中新赛克,sz
002913,奥士康,sz
002915,中欣氟材,sz
002916,深南电路,sz
002917,金奥博,sz
002918,蒙娜丽莎,sz
002919,名臣健康,sz
002920,德赛西威,sz
002921,联诚精密,sz
002922,伊戈尔,sz
002923,润都股份,sz
002925,盈趣科技,sz
002926,华西证券,sz
002927,泰永长征,sz
002928,华夏航空,sz
002929,润建股份,sz
002930,宏川智慧,sz
002931,锋龙股份,sz
002932,明德生物,sz
002933,新兴装备,sz
002935,天奥电子,sz
002936,郑州银行,sz
002937,兴瑞科技,sz
002938,鹏鼎控股,sz
002939,长城证券,sz
002940,昂利康,sz
002941,新疆交建,sz
002942,新农股份,sz
002943,宇晶股份,sz
002945,华林证券,sz
002946,新乳业,sz
002947,恒铭达,sz
002948,青岛银行,sz
002949,华阳国际,sz
002950,奥美医疗,sz
002951,金时科技,sz
002952,亚世光电,sz
002953,日丰股份,sz
002955,鸿合科技,sz
002956,西麦食品,sz
002957,科瑞技术,sz
002958,青农商行,sz
002959,小熊电器,sz
002960,青鸟消防,sz
002961,瑞达期货,sz
002962,五方光电,sz
002963,豪尔赛,sz
002965,祥鑫科技,sz
002966,苏州银行,sz
002967,广电计量,sz
002968,新大正,sz
002969,嘉美包装,sz
002970,锐明技术,sz
002971,和远气体,sz
002972,科安达,sz
002973,侨银环保,sz
002975,博杰股份,sz
002976,瑞玛工业,sz
002977,天箭科技,sz
002978,安宁股份,sz
002979,雷赛智能,sz
002980,华盛昌,sz
002981,朝阳科技,sz
002982,湘佳股份,sz
002983,芯瑞达,sz
002984,森麒麟,sz
002985,北摩高科,sz
002986,宇新股份,sz
002987,京北方,sz
002988,豪美新材,sz
002989,中天精装,sz
002990,盛视科技,sz
002991,甘源食品,sz
002992,宝明科技,sz
002993,奥海科技,sz
002995,天地在线,sz
002996,顺博合金,sz
002997,瑞鹄模具,sz
002998,N优彩,sz
002999,天禾股份,sz
003000,华文食品,sz
003001,中岩大地,sz
003002,壶化股份,sz
003003,天元股份,sz
003005,竞业达,sz
003006,百亚股份,sz
003007,直真科技,sz
003008,开普检测,sz
003009,N中天,sz
003010,N若羽臣,sz
003011,海象新材,sz
003012,东鹏控股,sz
003013,地铁设计,sz
003015,日久光电,sz
003816,中国广核,sz
300001,特锐德,sz
300002,神州泰岳,sz
300003,乐普医疗,sz
300004,南风股份,sz
300005,探路者,sz
300006,莱美药业,sz
300007,汉威科技,sz
300008,天海防务,sz
300009,安科生物,sz
300010,豆神教育,sz
300011,鼎汉技术,sz
300012,华测检测,sz
300013,新宁物流,sz
300014,亿纬锂能,sz
300015,爱尔眼科,sz
300016,北陆药业,sz
300017,网宿科技,sz
300018,中元股份,sz
300019,硅宝科技,sz
300020,银江股份,sz
300021,大禹节水,sz
300022,吉峰科技,sz
300023,宝德股份,sz
300024,机器人,sz
300025,华星创业,sz
300026,红日药业,sz
300027,华谊兄弟,sz
300028,金亚退,sz
300029,ST天龙,sz
300030,阳普医疗,sz
300031,宝通科技,sz
300032,金龙机电,sz
300033,同花顺,sz
300034,钢研高纳,sz
300035,中科电气,sz
300036,超图软件,sz
300037,新宙邦,sz
300038,数知科技,sz
300039,上海凯宝,sz
300040,九洲集团,sz
300041,回天新材,sz
300042,朗科科技,sz
300043,星辉娱乐,sz
300044,赛为智能,sz
300045,华力创通,sz
300046,台基股份,sz
300047,天源迪科,sz
300048,合康新能,sz
300049,福瑞股份,sz
300050,世纪鼎利,sz
300051,三五互联,sz
300052,中青宝,sz
300053,欧比特,sz
300054,鼎龙股份,sz
300055,万邦达,sz
300056,中创环保,sz
300057,万顺新材,sz
300058,蓝色光标,sz
300059,东方财富,sz
300061,旗天科技,sz
300062,中能电气,sz
300063,天龙集团,sz
300064,豫金刚石,sz
300065,海兰信,sz
300066,三川智慧,sz
300067,安诺其,sz
300068,南都电源,sz
300069,金利华电,sz
300070,碧水源,sz
300071,华谊嘉信,sz
300072,三聚环保,sz
300073,当升科技,sz
300074,华平股份,sz
300075,数字政通,sz
300076,GQY视讯,sz
300077,国民技术,sz
300078,思创医惠,sz
300079,数码科技,sz
300080,易成新能,sz
300081,恒信东方,sz
300082,奥克股份,sz
300083,创世纪,sz
300084,海默科技,sz
300085,银之杰,sz
300086,康芝药业,sz
300087,荃银高科,sz
300088,长信科技,sz
300089,文化长城,sz
300090,盛运退,sz
300091,金通灵,sz
300092,科新机电,sz
300093,金刚玻璃,sz
300094,国联水产,sz
300095,华伍股份,sz
300096,易联众,sz
300097,智云股份,sz
300098,高新兴,sz
300099,精准信息,sz
300100,双林股份,sz
300101,振芯科技,sz
300102,乾照光电,sz
300103,达刚控股,sz
300104,乐视退,sz
300105,龙源技术,sz
300106,西部牧业,sz
300107,建新股份,sz
300108,吉药控股,sz
300109,新开源,sz
300110,华仁药业,sz
300111,向日葵,sz
300112,万讯自控,sz
300113,顺网科技,sz
300114,中航电测,sz
300115,长盈精密,sz
300116,坚瑞沃能,sz
300117,嘉寓股份,sz
300118,东方日升,sz
300119,瑞普生物,sz
300120,经纬辉开,sz
300121,阳谷华泰,sz
300122,智飞生物,sz
300123,亚光科技,sz
300124,汇川技术,sz
300125,聆达股份,sz
300126,锐奇股份,sz
300127,银河磁体,sz
300128,锦富技术,sz
300129,泰胜风能,sz
300130,新国都,sz
300131,英唐智控,sz
300132,青松股份,sz
300133,华策影视,sz
300134,大富科技,sz
300135,宝利国际,sz
300136,信维通信,sz
300137,先河环保,sz
300138,晨光生物,sz
300139,晓程科技,sz
300140,中环装备,sz
300141,和顺电气,sz
300142,沃森生物,sz
300143,盈康生命,sz
300144,宋城演艺,sz
300145,中金环境,sz
300146,汤臣倍健,sz
300147,香雪制药,sz
300148,天舟文化,sz
300149,睿智医药,sz
300150,世纪瑞尔,sz
300151,昌红科技,sz
300152,科融环境,sz
300153,科泰电源,sz
300154,瑞凌股份,sz
300155,安居宝,sz
300156,神雾退,sz
300157,恒泰艾普,sz
300158,振东制药,sz
300159,新研股份,sz
300160,秀强股份,sz
300161,华中数控,sz
300162,雷曼光电,sz
300163,先锋新材,sz
300164,通源石油,sz
300165,天瑞仪器,sz
300166,东方国信,sz
300167,迪威迅,sz
300168,万达信息,sz
300169,天晟新材,sz
300170,汉得信息,sz
300171,东富龙,sz
300172,中电环保,sz
300173,福能东方,sz
300174,元力股份,sz
300175,朗源股份,sz
300176,派生科技,sz
300177,中海达,sz
300178,腾邦国际,sz
300179,四方达,sz
300180,华峰超纤,sz
300181,佐力药业,sz
300182,捷成股份,sz
300183,东软载波,sz
300184,力源信息,sz
300185,通裕重工,sz
300186,大华农,sz
300187,永清环保,sz
300188,美亚柏科,sz
300189,神农科技,sz
300190,维尔利,sz
300191,潜能恒信,sz
300192,科斯伍德,sz
300193,佳士科技,sz
300194,福安药业,sz
300195,长荣股份,sz
300196,长海股份,sz
300197,铁汉生态,sz
300198,纳川股份,sz
300199,翰宇药业,sz
300200,高盟新材,sz
300201,海伦哲,sz
300202,聚龙股份,sz
300203,聚光科技,sz
300204,舒泰神,sz
300205,天喻信息,sz
300206,理邦仪器,sz
300207,欣旺达,sz
300208,青岛中程,sz
300209,天泽信息,sz
300210,森远股份,sz
300211,亿通科技,sz
300212,易华录,sz
300213,佳讯飞鸿,sz
300214,日科化学,sz
300215,电科院,sz
300216,千山退,sz
300217,东方电热,sz
300218,安利股份,sz
300219,鸿利智汇,sz
300220,金运激光,sz
300221,银禧科技,sz
300222,科大智能,sz
300223,北京君正,sz
300224,正海磁材,sz
300225,金力泰,sz
300226,上海钢联,sz
300227,光韵达,sz
300228,富瑞特装,sz
300229,拓尔思,sz
300230,永利股份,sz
300231,银信科技,sz
300232,洲明科技,sz
300233,金城医药,sz
300234,开尔新材,sz
300235,方直科技,sz
300236,上海新阳,sz
300237,美晨生态,sz
300238,冠昊生物,sz
300239,东宝生物,sz
300240,飞力达,sz
300241,瑞丰光电,sz
300242,佳云科技,sz
300243,瑞丰高材,sz
300244,迪安诊断,sz
300245,天玑科技,sz
300246,宝莱特,sz
300247,融捷健康,sz
300248,新开普,sz
300249,依米康,sz
300250,初灵信息,sz
300251,光线传媒,sz
300252,金信诺,sz
300253,卫宁健康,sz
300254,仟源医药,sz
300255,常山药业,sz
300256,星星科技,sz
300257,开山股份,sz
300258,精锻科技,sz
300259,新天科技,sz
300260,新莱应材,sz
300261,雅本化学,sz
300262,巴安水务,sz
300263,隆华科技,sz
300264,佳创视讯,sz
300265,通光线缆,sz
300266,兴源环境,sz
300267,尔康制药,sz
300268,佳沃股份,sz
300269,联建光电,sz
300270,中威电子,sz
300271,华宇软件,sz
300272,开能健康,sz
300273,和佳医疗,sz
300274,阳光电源,sz
300275,梅安森,sz
300276,三丰智能,sz
300277,海联讯,sz
300278,华昌达,sz
300279,和晶科技,sz
300280,紫天科技,sz
300281,金明精机,sz
300282,三盛教育,sz
300283,温州宏丰,sz
300284,苏交科,sz
300285,国瓷材料,sz
300286,安科瑞,sz
300287,飞利信,sz
300288,朗玛信息,sz
300289,利德曼,sz
300290,荣科科技,sz
300291,华录百纳,sz
300292,吴通控股,sz
300293,蓝英装备,sz
300294,博雅生物,sz
300295,三六五网,sz
300296,利亚德,sz
300297,蓝盾股份,sz
300298,三诺生物,sz
300299,富春股份,sz
300300,汉鼎宇佑,sz
300301,长方集团,sz
300302,同有科技,sz
300303,聚飞光电,sz
300304,云意电气,sz
300305,裕兴股份,sz
300306,远方信息,sz
300307,慈星股份,sz
300308,中际旭创,sz
300309,吉艾科技,sz
300310,宜通世纪,sz
300311,任子行,sz
300312,邦讯技术,sz
300313,天山生物,sz
300314,戴维医疗,sz
300315,掌趣科技,sz
300316,晶盛机电,sz
300317,珈伟新能,sz
300318,博晖创新,sz
300319,麦捷科技,sz
300320,海达股份,sz
300321,同大股份,sz
300322,硕贝德,sz
300323,华灿光电,sz
300324,旋极信息,sz
300325,德威新材,sz
300326,凯利泰,sz
300327,中颖电子,sz
300328,宜安科技,sz
300329,海伦钢琴,sz
300330,华虹计通,sz
300331,苏大维格,sz
300332,天壕环境,sz
300333,兆日科技,sz
300334,津膜科技,sz
300335,迪森股份,sz
300336,新文化,sz
300337,银邦股份,sz
300338,开元股份,sz
300339,润和软件,sz
300340,科恒股份,sz
300341,麦克奥迪,sz
300342,天银机电,sz
300343,联创股份,sz
300344,太空智造,sz
300345,华民股份,sz
300346,南大光电,sz
300347,泰格医药,sz
300348,长亮科技,sz
300349,金卡智能,sz
300350,华鹏飞,sz
300351,永贵电器,sz
300352,北信源,sz
300353,东土科技,sz
300354,东华测试,sz
300355,蒙草生态,sz
300356,光一科技,sz
300357,我武生物,sz
300358,楚天科技,sz
300359,全通教育,sz
300360,炬华科技,sz
300362,天翔环境,sz
300363,博腾股份,sz
300364,中文在线,sz
300365,恒华科技,sz
300366,创意信息,sz
300367,ST网力,sz
300368,汇金股份,sz
300369,绿盟科技,sz
300370,安控科技,sz
300371,汇中股份,sz
300372,欣泰退,sz
300373,扬杰科技,sz
300374,中铁装配,sz
300375,鹏翎股份,sz
300376,易事特,sz
300377,赢时胜,sz
300378,鼎捷软件,sz
300379,东方通,sz
300380,安硕信息,sz
300381,溢多利,sz
300382,斯莱克,sz
300383,光环新网,sz
300384,三联虹普,sz
300385,雪浪环境,sz
300386,飞天诚信,sz
300387,富邦股份,sz
300388,国祯环保,sz
300389,艾比森,sz
300390,天华超净,sz
300391,康跃科技,sz
300392,腾信股份,sz
300393,中来股份,sz
300394,天孚通信,sz
300395,菲利华,sz
300396,迪瑞医疗,sz
300397,天和防务,sz
300398,飞凯材料,sz
300399,京天利,sz
300400,劲拓股份,sz
300401,花园生物,sz
300402,宝色股份,sz
300403,汉宇集团,sz
300404,博济医药,sz
300405,科隆股份,sz
300406,九强生物,sz
300407,凯发电气,sz
300408,三环集团,sz
300409,道氏技术,sz
300410,正业科技,sz
300411,金盾股份,sz
300412,迦南科技,sz
300413,芒果超媒,sz
300414,中光防雷,sz
300415,伊之密,sz
300416,苏试试验,sz
300417,南华仪器,sz
300418,昆仑万维,sz
300419,浩丰科技,sz
300420,五洋停车,sz
300421,力星股份,sz
300422,博世科,sz
300423,昇辉科技,sz
300424,航新科技,sz
300425,中建环能,sz
300426,唐德影视,sz
300427,红相股份,sz
300428,四通新材,sz
300429,强力新材,sz
300430,诚益通,sz
300431,暴风退,sz
300432,富临精工,sz
300433,蓝思科技,sz
300434,金石亚药,sz
300435,中泰股份,sz
300436,广生堂,sz
300437,清水源,sz
300438,鹏辉能源,sz
300439,美康生物,sz
300440,运达科技,sz
300441,鲍斯股份,sz
300442,普丽盛,sz
300443,金雷股份,sz
300444,双杰电气,sz
300445,康斯特,sz
300446,ST乐凯,sz
300447,全信股份,sz
300448,浩云科技,sz
300449,汉邦高科,sz
300450,先导智能,sz
300451,创业慧康,sz
300452,山河药辅,sz
300453,三鑫医疗,sz
300454,深信服,sz
300455,康拓红外,sz
300456,赛微电子,sz
300457,赢合科技,sz
300458,全志科技,sz
300459,金科文化,sz
300460,惠伦晶体,sz
300461,田中精机,sz
300462,华铭智能,sz
300463,迈克生物,sz
300464,星徽精密,sz
300465,高伟达,sz
300466,赛摩智能,sz
300467,迅游科技,sz
300468,四方精创,sz
300469,信息发展,sz
300470,中密控股,sz
300471,厚普股份,sz
300472,新元科技,sz
300473,德尔股份,sz
300474,景嘉微,sz
300475,聚隆科技,sz
300476,胜宏科技,sz
300477,合纵科技,sz
300478,杭州高新,sz
300479,神思电子,sz
300480,光力科技,sz
300481,濮阳惠成,sz
300482,万孚生物,sz
300483,沃施股份,sz
300484,蓝海华腾,sz
300485,赛升药业,sz
300486,东杰智能,sz
300487,蓝晓科技,sz
300488,恒锋工具,sz
300489,中飞股份,sz
300490,华自科技,sz
300491,通合科技,sz
300492,华图山鼎,sz
300493,润欣科技,sz
300494,盛天网络,sz
300495,美尚生态,sz
300496,中科创达,sz
300497,富祥药业,sz
300498,温氏股份,sz
300499,高澜股份,sz
300500,启迪设计,sz
300501,海顺新材,sz
300502,新易盛,sz
300503,昊志机电,sz
300504,天邑股份,sz
300505,川金诺,sz
300506,名家汇,sz
300507,苏奥传感,sz
300508,维宏股份,sz
300509,新美星,sz
300510,金冠股份,sz
300511,雪榕生物,sz
300512,中亚股份,sz
300513,恒实科技,sz
300514,友讯达,sz
300515,三德科技,sz
300516,久之洋,sz
300517,海波重科,sz
300518,盛讯达,sz
300519,新光药业,sz
300520,科大国创,sz
300521,爱司凯,sz
300522,世名科技,sz
300523,辰安科技,sz
300525,博思软件,sz
300526,中潜股份,sz
300527,中船应急,sz
300528,幸福蓝海,sz
300529,健帆生物,sz
300530,达志科技,sz
300531,优博讯,sz
300532,今天国际,sz
300533,冰川网络,sz
300534,陇神戎发,sz
300535,达威股份,sz
300536,农尚环境,sz
300537,广信材料,sz
300538,同益股份,sz
300539,横河模具,sz
300540,深冷股份,sz
300541,先进数通,sz
300542,新晨科技,sz
300543,朗科智能,sz
300545,联得装备,sz
300546,雄帝科技,sz
300547,川环科技,sz
300548,博创科技,sz
300549,优德精密,sz
300550,和仁科技,sz
300551,古鳌科技,sz
300552,万集科技,sz
300553,集智股份,sz
300554,三超新材,sz
300555,路通视信,sz
300556,丝路视觉,sz
300557,理工光科,sz
300558,贝达药业,sz
300559,佳发教育,sz
300560,中富通,sz
300561,汇金科技,sz
300562,乐心医疗,sz
300563,神宇股份,sz
300564,筑博设计,sz
300565,科信技术,sz
300566,激智科技,sz
300567,精测电子,sz
300568,星源材质,sz
300569,天能重工,sz
300570,太辰光,sz
300571,平治信息,sz
300572,安车检测,sz
300573,兴齐眼药,sz
300575,中旗股份,sz
300576,容大感光,sz
300577,开润股份,sz
300578,会畅通讯,sz
300579,数字认证,sz
300580,贝斯特,sz
300581,晨曦航空,sz
300582,英飞特,sz
300583,赛托生物,sz
300584,海辰药业,sz
300585,奥联电子,sz
300586,美联新材,sz
300587,天铁股份,sz
300588,熙菱信息,sz
300589,江龙船艇,sz
300590,移为通信,sz
300591,万里马,sz
300592,华凯创意,sz
300593,新雷能,sz
300594,朗进科技,sz
300595,欧普康视,sz
300596,利安隆,sz
300597,吉大通信,sz
300598,诚迈科技,sz
300599,雄塑科技,sz
300600,瑞特股份,sz
300601,康泰生物,sz
300602,飞荣达,sz
300603,立昂技术,sz
300604,长川科技,sz
300605,恒锋信息,sz
300606,金太阳,sz
300607,拓斯达,sz
300608,思特奇,sz
300609,汇纳科技,sz
300610,晨化股份,sz
300611,美力科技,sz
300612,宣亚国际,sz
300613,富瀚微,sz
300615,欣天科技,sz
300616,尚品宅配,sz
300617,安靠智电,sz
300618,寒锐钴业,sz
300619,金银河,sz
300620,光库科技,sz
300621,维业股份,sz
300622,博士眼镜,sz
300623,捷捷微电,sz
300624,万兴科技,sz
300625,三雄极光,sz
300626,华瑞股份,sz
300627,华测导航,sz
300628,亿联网络,sz
300629,新劲刚,sz
300630,普利制药,sz
300631,久吾高科,sz
300632,光莆股份,sz
300633,开立医疗,sz
300634,彩讯股份,sz
300635,中达安,sz
300636,同和药业,sz
300637,扬帆新材,sz
300638,广和通,sz
300639,凯普生物,sz
300640,德艺文创,sz
300641,正丹股份,sz
300642,透景生命,sz
300643,万通智控,sz
300644,南京聚隆,sz
300645,正元智慧,sz
300647,超频三,sz
300648,星云股份,sz
300649,杭州园林,sz
300650,太龙照明,sz
300651,金陵体育,sz
300652,雷迪克,sz
300653,正海生物,sz
300654,世纪天鸿,sz
300655,晶瑞股份,sz
300656,民德电子,sz
300657,弘信电子,sz
300658,延江股份,sz
300659,中孚信息,sz
300660,江苏雷利,sz
300661,圣邦股份,sz
300662,科锐国际,sz
300663,科蓝软件,sz
300664,鹏鹞环保,sz
300665,飞鹿股份,sz
300666,江丰电子,sz
300667,必创科技,sz
300668,杰恩设计,sz
300669,沪宁股份,sz
300670,大烨智能,sz
300671,富满电子,sz
300672,国科微,sz
300673,佩蒂股份,sz
300674,宇信科技,sz
300675,建科院,sz
300676,华大基因,sz
300677,英科医疗,sz
300678,中科信息,sz
300679,电连技术,sz
300680,隆盛科技,sz
300681,英搏尔,sz
300682,朗新科技,sz
300683,海特生物,sz
300684,中石科技,sz
300685,艾德生物,sz
300686,智动力,sz
300687,赛意信息,sz
300688,创业黑马,sz
300689,澄天伟业,sz
300690,双一科技,sz
300691,联合光电,sz
300692,中环环保,sz
300693,盛弘股份,sz
300694,蠡湖股份,sz
300695,兆丰股份,sz
300696,爱乐达,sz
300697,电工合金,sz
300698,万马科技,sz
300699,光威复材,sz
300700,岱勒新材,sz
300701,森霸传感,sz
300702,天宇股份,sz
300703,创源文化,sz
300705,九典制药,sz
300706,阿石创,sz
300707,威唐工业,sz
300708,聚灿光电,sz
300709,精研科技,sz
300710,万隆光电,sz
300711,广哈通信,sz
300712,永福股份,sz
300713,英可瑞,sz
300715,凯伦股份,sz
300716,国立科技,sz
300717,华信新材,sz
300718,长盛轴承,sz
300719,安达维尔,sz
300720,海川智能,sz
300721,怡达股份,sz
300722,新余国科,sz
300723,一品红,sz
300724,捷佳伟创,sz
300725,药石科技,sz
300726,宏达电子,sz
300727,润禾材料,sz
300729,乐歌股份,sz
300730,科创信息,sz
300731,科创新源,sz
300732,设研院,sz
300733,西菱动力,sz
300735,光弘科技,sz
300736,百邦科技,sz
300737,科顺股份,sz
300738,奥飞数据,sz
300739,明阳电路,sz
300740,御家汇,sz
300741,华宝股份,sz
300742,越博动力,sz
300743,天地数码,sz
300745,欣锐科技,sz
300746,汉嘉设计,sz
300747,锐科激光,sz
300748,金力永磁,sz
300749,顶固集创,sz
300750,宁德时代,sz
300751,迈为股份,sz
300752,隆利科技,sz
300753,爱朋医疗,sz
300755,华致酒行,sz
300756,中山金马,sz
300757,罗博特科,sz
300758,七彩化学,sz
300759,康龙化成,sz
300760,迈瑞医疗,sz
300761,立华股份,sz
300762,上海瀚讯,sz
300763,锦浪科技,sz
300765,新诺威,sz
300766,每日互动,sz
300767,震安科技,sz
300768,迪普科技,sz
300769,德方纳米,sz
300770,新媒股份,sz
300771,智莱科技,sz
300772,运达股份,sz
300773,拉卡拉,sz
300775,三角防务,sz
300776,帝尔激光,sz
300777,中简科技,sz
300778,新城市,sz
300779,惠城环保,sz
300780,德恩精工,sz
300781,因赛集团,sz
300782,卓胜微,sz
300783,三只松鼠,sz
300785,值得买,sz
300786,国林科技,sz
300787,海能实业,sz
300788,中信出版,sz
300789,唐源电气,sz
300790,宇瞳光学,sz
300791,仙乐健康,sz
300792,壹网壹创,sz
300793,佳禾智能,sz
300795,米奥会展,sz
300796,贝斯美,sz
300797,钢研纳克,sz
300798,锦鸡股份,sz
300799,左江科技,sz
300800,力合科技,sz
300801,泰和科技,sz
300802,矩子科技,sz
300803,指南针,sz
300805,电声股份,sz
300806,斯迪克,sz
300807,天迈科技,sz
300808,久量股份,sz
300809,华辰装备,sz
300810,中科海讯,sz
300811,铂科新材,sz
300812,易天股份,sz
300813,泰林生物,sz
300815,玉禾田,sz
300816,艾可蓝,sz
300817,双飞股份,sz
300818,耐普矿机,sz
300819,聚杰微纤,sz
300820,英杰电气,sz
300821,东岳硅材,sz
300822,贝仕达克,sz
300823,建科机械,sz
300824,北鼎股份,sz
300825,阿尔特,sz
300826,测绘股份,sz
300827,上能电气,sz
300828,锐新科技,sz
300829,金丹科技,sz
300830,金现代,sz
300831,派瑞股份,sz
300832,新产业,sz
300833,浩洋股份,sz
300835,龙磁科技,sz
300836,佰奥智能,sz
300837,浙矿股份,sz
300838,浙江力诺,sz
300839,博汇股份,sz
300840,酷特智能,sz
300841,康华生物,sz
300842,帝科股份,sz
300843,胜蓝股份,sz
300845,捷安高科,sz
300846,首都在线,sz
300847,中船汉光,sz
300848,美瑞新材,sz
300849,锦盛新材,sz
300850,新强联,sz
300851,交大思诺,sz
300852,四会富仕,sz
300853,申昊科技,sz
300855,图南股份,sz
300856,科思股份,sz
300857,协创数据,sz
300858,科拓生物,sz
300859,西域旅游,sz
300860,锋尚文化,sz
300861,美畅股份,sz
300862,蓝盾光电,sz
300863,卡倍亿,sz
300864,南大环境,sz
300865,大宏立,sz
300866,安克创新,sz
300867,圣元环保,sz
300868,杰美特,sz
300869,康泰医学,sz
300870,欧陆通,sz
300871,回盛生物,sz
300872,天阳科技,sz
300873,海晨股份,sz
300875,捷强装备,sz
300876,蒙泰高新,sz
300877,金春股份,sz
300878,维康药业,sz
300879,大叶股份,sz
300880,迦南智能,sz
300881,盛德鑫泰,sz
300882,万胜智能,sz
300883,龙利得,sz
300885,海昌新材,sz
300886,华业香料,sz
300887,谱尼测试,sz
300888,稳健医疗,sz
300889,爱克股份,sz
300890,翔丰华,sz
300891,惠云钛业,sz
300892,C品渥,sz
300893,C松原,sz
300895,C铜牛,sz
300896,爱美客,sz
300897,山科智能,sz
300898,熊猫乳品,sz
300899,上海凯鑫,sz
300999,金龙鱼,sz
600000,浦发银行,sh
600001,邯郸钢铁,sh
600002,齐鲁石化,sh
600003,ST东北高,sh
600004,白云机场,sh
600005,武钢股份,sh
600006,东风汽车,sh
600007,中国国贸,sh
600008,首创股份,sh
600009,上海机场,sh
600010,包钢股份,sh
600011,华能国际,sh
600012,皖通高速,sh
600015,华夏银行,sh
600016,民生银行,sh
600017,日照港,sh
600018,上港集团,sh
600019,宝钢股份,sh
600020,中原高速,sh
600021,上海电力,sh
600022,山东钢铁,sh
600023,浙能电力,sh
600025,华能水电,sh
600026,中远海能,sh
600027,华电国际,sh
600028,中国石化,sh
600029,南方航空,sh
600030,中信证券,sh
600031,三一重工,sh
600033,福建高速,sh
600035,楚天高速,sh
600036,招商银行,sh
600037,歌华有线,sh
600038,中直股份,sh
600039,四川路桥,sh
600048,保利地产,sh
600050,中国联通,sh
600051,宁波联合,sh
600052,浙江广厦,sh
600053,九鼎投资,sh
600054,黄山旅游,sh
600055,万东医疗,sh
600056,中国医药,sh
600057,厦门象屿,sh
600058,五矿发展,sh
600059,古越龙山,sh
600060,海信视像,sh
600061,国投资本,sh
600062,华润双鹤,sh
600063,皖维高新,sh
600064,南京高科,sh
600065,*ST联谊,sh
600066,宇通客车,sh
600067,冠城大通,sh
600068,葛洲坝,sh
600069,退市银鸽,sh
600070,浙江富润,sh
600071,凤凰光学,sh
600072,中船科技,sh
600073,上海梅林,sh
600074,退市保千,sh
600075,新疆天业,sh
600076,康欣新材,sh
600077,宋都股份,sh
600078,澄星股份,sh
600079,人福医药,sh
600080,ST金花,sh
600081,东风科技,sh
600082,海泰发展,sh
600083,*ST博信,sh
600084,ST中葡,sh
600085,同仁堂,sh
600086,*ST金钰,sh
600087,退市长油,sh
600088,中视传媒,sh
600089,特变电工,sh
600090,*ST济堂,sh
600091,ST明科,sh
600092,S*ST精密,sh
600093,易见股份,sh
600094,大名城,sh
600095,哈高科,sh
600096,云天化,sh
600097,开创国际,sh
600098,广州发展,sh
600099,林海股份,sh
600100,同方股份,sh
600101,明星电力,sh
600102,莱钢股份,sh
600103,青山纸业,sh
600104,上汽集团,sh
600105,永鼎股份,sh
600106,重庆路桥,sh
600107,美尔雅,sh
600108,亚盛集团,sh
600109,国金证券,sh
600110,诺德股份,sh
600111,北方稀土,sh
600112,ST天成,sh
600113,浙江东日,sh
600114,东睦股份,sh
600115,东方航空,sh
600116,三峡水利,sh
600117,西宁特钢,sh
600118,中国卫星,sh
600119,ST长投,sh
600120,浙江东方,sh
600121,郑州煤电,sh
600122,*ST宏图,sh
600123,兰花科创,sh
600125,铁龙物流,sh
600126,杭钢股份,sh
600127,金健米业,sh
600128,弘业股份,sh
600129,太极集团,sh
600130,波导股份,sh
600131,国网信通,sh
600132,重庆啤酒,sh
600133,东湖高新,sh
600135,乐凯胶片,sh
600136,当代文体,sh
600137,浪莎股份,sh
600138,中青旅,sh
600139,西部资源,sh
600141,兴发集团,sh
600143,金发科技,sh
600145,*ST新亿,sh
600146,*ST环球,sh
600148,长春一东,sh
600149,ST坊展,sh
600150,中国船舶,sh
600151,航天机电,sh
600152,维科技术,sh
600153,建发股份,sh
600155,华创阳安,sh
600156,华升股份,sh
600157,永泰能源,sh
600158,中体产业,sh
600159,大龙地产,sh
600160,巨化股份,sh
600161,天坛生物,sh
600162,香江控股,sh
600163,中闽能源,sh
600165,新日恒力,sh
600166,福田汽车,sh
600167,联美控股,sh
600168,武汉控股,sh
600169,太原重工,sh
600170,上海建工,sh
600171,上海贝岭,sh
600172,黄河旋风,sh
600173,卧龙地产,sh
600175,退市美都,sh
600176,中国巨石,sh
600177,雅戈尔,sh
600178,东安动力,sh
600179,*ST安通,sh
600180,瑞茂通,sh
600181,S*ST云大,sh
600182,S佳通,sh
600183,生益科技,sh
600184,光电股份,sh
600185,格力地产,sh
600186,莲花健康,sh
600187,国中水务,sh
600188,兖州煤业,sh
600189,吉林森工,sh
600190,锦州港,sh
600191,华资实业,sh
600192,长城电工,sh
600193,ST创兴,sh
600195,中牧股份,sh
600196,复星医药,sh
600197,伊力特,sh
600198,大唐电信,sh
600199,金种子酒,sh
600200,江苏吴中,sh
600201,生物股份,sh
600202,哈空调,sh
600203,福日电子,sh
600205,S山东铝,sh
600206,有研新材,sh
600207,安彩高科,sh
600208,新湖中宝,sh
600209,ST罗顿,sh
600210,紫江企业,sh
600211,西藏药业,sh
600212,*ST江泉,sh
600213,亚星客车,sh
600215,*ST经开,sh
600216,浙江医药,sh
600217,中再资环,sh
600218,全柴动力,sh
600219,南山铝业,sh
600220,江苏阳光,sh
600221,海航控股,sh
600222,太龙药业,sh
600223,鲁商发展,sh
600225,*ST松江,sh
600226,*ST瀚叶,sh
600227,圣济堂,sh
600228,ST昌九,sh
600229,城市传媒,sh
600230,沧州大化,sh
600231,凌钢股份,sh
600232,金鹰股份,sh
600233,圆通速递,sh
600234,ST山水,sh
600235,民丰特纸,sh
600236,桂冠电力,sh
600237,铜峰电子,sh
600238,ST椰岛,sh
600239,云南城投,sh
600240,退市华业,sh
600241,*ST时万,sh
600242,*ST中昌,sh
600243,*ST海华,sh
600246,万通发展,sh
600247,*ST成城,sh
600248,延长化建,sh
600249,两面针,sh
600250,南纺股份,sh
600251,冠农股份,sh
600252,中恒集团,sh
600253,天方药业,sh
600255,*ST梦舟,sh
600256,广汇能源,sh
600257,大湖股份,sh
600258,首旅酒店,sh
600259,广晟有色,sh
600260,凯乐科技,sh
600261,阳光照明,sh
600262,北方股份,sh
600263,路桥建设,sh
600265,ST景谷,sh
600266,城建发展,sh
600267,海正药业,sh
600268,国电南自,sh
600269,赣粤高速,sh
600270,外运发展,sh
600271,航天信息,sh
600272,开开实业,sh
600273,嘉化能源,sh
600275,ST昌鱼,sh
600276,恒瑞医药,sh
600277,亿利洁能,sh
600278,东方创业,sh
600279,重庆港九,sh
600280,*ST中商,sh
600281,太化股份,sh
600282,南钢股份,sh
600283,钱江水利,sh
600284,浦东建设,sh
600285,羚锐制药,sh
600286,S*ST国瓷,sh
600287,江苏舜天,sh
600288,大恒科技,sh
600289,*ST信通,sh
600290,*ST华仪,sh
600291,西水股份,sh
600292,远达环保,sh
600293,三峡新材,sh
600295,鄂尔多斯,sh
600296,S兰铝,sh
600297,广汇汽车,sh
600298,安琪酵母,sh
600299,安迪苏,sh
600300,维维股份,sh
600301,ST南化,sh
600302,标准股份,sh
600303,曙光股份,sh
600305,恒顺醋业,sh
600306,*ST商城,sh
600307,酒钢宏兴,sh
600308,华泰股份,sh
600309,万华化学,sh
600310,桂东电力,sh
600311,*ST荣华,sh
600312,平高电气,sh
600313,农发种业,sh
600315,上海家化,sh
600316,洪都航空,sh
600317,营口港,sh
600318,新力金融,sh
600319,ST亚星,sh
600320,振华重工,sh
600321,正源股份,sh
600322,天房发展,sh
600323,瀚蓝环境,sh
600325,华发股份,sh
600326,西藏天路,sh
600327,大东方,sh
600328,中盐化工,sh
600329,中新药业,sh
600330,天通股份,sh
600331,宏达股份,sh
600332,白云山,sh
600333,长春燃气,sh
600335,国机汽车,sh
600336,澳柯玛,sh
600337,美克家居,sh
600338,西藏珠峰,sh
600339,中油工程,sh
600340,华夏幸福,sh
600343,航天动力,sh
600345,长江通信,sh
600346,恒力石化,sh
600348,阳泉煤业,sh
600350,山东高速,sh
600351,亚宝药业,sh
600352,浙江龙盛,sh
600353,旭光电子,sh
600354,*ST敦种,sh
600355,精伦电子,sh
600356,恒丰纸业,sh
600357,承德钒钛,sh
600358,*ST联合,sh
600359,新农开发,sh
600360,华微电子,sh
600361,华联综超,sh
600362,江西铜业,sh
600363,联创光电,sh
600365,ST通葡,sh
600366,宁波韵升,sh
600367,红星发展,sh
600368,五洲交通,sh
600369,西南证券,sh
600370,三房巷,sh
600371,万向德农,sh
600372,中航电子,sh
600373,中文传媒,sh
600375,华菱星马,sh
600376,首开股份,sh
600377,宁沪高速,sh
600378,昊华科技,sh
600379,宝光股份,sh
600380,健康元,sh
600381,青海春天,sh
600382,广东明珠,sh
600383,金地集团,sh
600385,ST金泰,sh
600386,北巴传媒,sh
600387,海越能源,sh
600388,龙净环保,sh
600389,江山股份,sh
600390,五矿资本,sh
600391,航发科技,sh
600392,盛和资源,sh
600393,粤泰股份,sh
600395,盘江股份,sh
600396,金山股份,sh
600397,安源煤业,sh
600398,海澜之家,sh
600399,ST抚钢,sh
600400,红豆股份,sh
600401,退市海润,sh
600403,大有能源,sh
600405,动力源,sh
600406,国电南瑞,sh
600408,ST安泰,sh
600409,三友化工,sh
600410,华胜天成,sh
600415,小商品城,sh
600416,*ST湘电,sh
600418,江淮汽车,sh
600419,天润乳业,sh
600420,现代制药,sh
600421,ST仰帆,sh
600422,昆药集团,sh
600423,ST柳化,sh
600425,青松建化,sh
600426,华鲁恒升,sh
600428,中远海特,sh
600429,三元股份,sh
600432,退市吉恩,sh
600433,冠豪高新,sh
600435,北方导航,sh
600436,片仔癀,sh
600438,通威股份,sh
600439,瑞贝卡,sh
600444,国机通用,sh
600446,金证股份,sh
600448,华纺股份,sh
600449,宁夏建材,sh
600452,涪陵电力,sh
600455,博通股份,sh
600456,宝钛股份,sh
600458,时代新材,sh
600459,贵研铂业,sh
600460,士兰微,sh
600461,洪城水业,sh
600462,*ST九有,sh
600463,空港股份,sh
600466,蓝光发展,sh
600467,好当家,sh
600468,百利电气,sh
600469,风神股份,sh
600470,*ST六化,sh
600472,包头铝业,sh
600475,华光环能,sh
600476,湘邮科技,sh
600477,杭萧钢构,sh
600478,科力远,sh
600479,千金药业,sh
600480,凌云股份,sh
600481,双良节能,sh
600482,中国动力,sh
600483,福能股份,sh
600485,*ST信威,sh
600486,扬农化工,sh
600487,亨通光电,sh
600488,天药股份,sh
600489,中金黄金,sh
600490,鹏欣资源,sh
600491,龙元建设,sh
600493,凤竹纺织,sh
600495,晋西车轴,sh
600496,精工钢构,sh
600497,驰宏锌锗,sh
600498,烽火通信,sh
600499,科达制造,sh
600500,中化国际,sh
600501,航天晨光,sh
600502,安徽建工,sh
600503,华丽家族,sh
600505,西昌电力,sh
600506,香梨股份,sh
600507,方大特钢,sh
600508,上海能源,sh
600509,天富能源,sh
600510,黑牡丹,sh
600511,国药股份,sh
600512,腾达建设,sh
600513,联环药业,sh
600515,海航基础,sh
600516,方大炭素,sh
600517,国网英大,sh
600518,ST康美,sh
600519,贵州茅台,sh
600520,文一科技,sh
600521,华海药业,sh
600522,中天科技,sh
600523,贵航股份,sh
600525,长园集团,sh
600526,菲达环保,sh
600527,江南高纤,sh
600528,中铁工业,sh
600529,山东药玻,sh
600530,*ST交昂,sh
600531,豫光金铅,sh
600532,宏达矿业,sh
600533,栖霞建设,sh
600535,天士力,sh
600536,中国软件,sh
600537,亿晶光电,sh
600538,国发股份,sh
600539,ST狮头,sh
600540,新赛股份,sh
600543,莫高股份,sh
600545,卓郎智能,sh
600546,山煤国际,sh
600547,山东黄金,sh
600548,深高速,sh
600549,厦门钨业,sh
600550,保变电气,sh
600551,时代出版,sh
600552,凯盛科技,sh
600553,太行水泥,sh
600555,*ST海创,sh
600556,天下秀,sh
600557,康缘药业,sh
600558,大西洋,sh
600559,老白干酒,sh
600560,金自天正,sh
600561,江西长运,sh
600562,国睿科技,sh
600563,法拉电子,sh
600565,迪马股份,sh
600566,济川药业,sh
600567,山鹰纸业,sh
600568,*ST中珠,sh
600569,安阳钢铁,sh
600570,恒生电子,sh
600571,信雅达,sh
600572,康恩贝,sh
600573,惠泉啤酒,sh
600575,淮河能源,sh
600576,祥源文化,sh
600577,精达股份,sh
600578,京能电力,sh
600579,克劳斯,sh
600580,卧龙电驱,sh
600581,八一钢铁,sh
600582,天地科技,sh
600583,海油工程,sh
600584,长电科技,sh
600585,海螺水泥,sh
600586,金晶科技,sh
600587,新华医疗,sh
600588,用友网络,sh
600589,广东榕泰,sh
600590,泰豪科技,sh
600591,*ST上航,sh
600592,龙溪股份,sh
600593,大连圣亚,sh
600594,益佰制药,sh
600595,ST中孚,sh
600596,新安股份,sh
600597,光明乳业,sh
600598,北大荒,sh
600599,*ST熊猫,sh
600600,青岛啤酒,sh
600601,方正科技,sh
600602,云赛智联,sh
600603,广汇物流,sh
600604,市北高新,sh
600605,汇通能源,sh
600606,绿地控股,sh
600607,上实医药,sh
600608,ST沪科,sh
600609,金杯汽车,sh
600610,ST毅达,sh
600611,大众交通,sh
600612,老凤祥,sh
600613,神奇制药,sh
600614,*ST鹏起,sh
600615,丰华股份,sh
600616,金枫酒业,sh
600617,国新能源,sh
600618,氯碱化工,sh
600619,海立股份,sh
600620,天宸股份,sh
600621,华鑫股份,sh
600622,光大嘉宝,sh
600623,华谊集团,sh
600624,复旦复华,sh
600625,PT水仙,sh
600626,申达股份,sh
600627,上电股份,sh
600628,新世界,sh
600629,华建集团,sh
600630,龙头股份,sh
600631,百联股份,sh
600632,华联商厦,sh
600633,浙数文化,sh
600634,*ST富控,sh
600635,大众公用,sh
600636,国新文化,sh
600637,东方明珠,sh
600638,新黄浦,sh
600639,浦东金桥,sh
600640,号百控股,sh
600641,万业企业,sh
600642,申能股份,sh
600643,爱建集团,sh
600644,乐山电力,sh
600645,中源协和,sh
600646,ST国嘉,sh
600647,同达创业,sh
600648,外高桥,sh
600649,城投控股,sh
600650,锦江投资,sh
600651,*ST飞乐,sh
600652,ST游久,sh
600653,申华控股,sh
600654,ST中安,sh
600655,豫园股份,sh
600656,退市博元,sh
600657,信达地产,sh
600658,电子城,sh
600659,*ST花雕,sh
600660,福耀玻璃,sh
600661,昂立教育,sh
600662,强生控股,sh
600663,陆家嘴,sh
600664,哈药股份,sh
600665,天地源,sh
600666,ST瑞德,sh
600667,太极实业,sh
600668,尖峰集团,sh
600669,*ST鞍成,sh
600670,*ST斯达,sh
600671,*ST目药,sh
600672,*ST华圣,sh
600673,东阳光,sh
600674,川投能源,sh
600675,中华企业,sh
600676,交运股份,sh
600677,*ST航通,sh
600678,四川金顶,sh
600679,上海凤凰,sh
600680,*ST上普,sh
600681,百川能源,sh
600682,南京新百,sh
600683,京投发展,sh
600684,珠江实业,sh
600685,中船防务,sh
600686,金龙汽车,sh
600687,*ST刚泰,sh
600688,上海石化,sh
600689,上海三毛,sh
600690,海尔智家,sh
600691,阳煤化工,sh
600692,亚通股份,sh
600693,东百集团,sh
600694,大商股份,sh
600695,绿庭投资,sh
600696,ST岩石,sh
600697,欧亚集团,sh
600698,ST天雁,sh
600699,均胜电子,sh
600700,*ST数码,sh
600701,*ST工新,sh
600702,ST舍得,sh
600703,三安光电,sh
600704,物产中大,sh
600705,中航资本,sh
600706,曲江文旅,sh
600707,彩虹股份,sh
600708,光明地产,sh
600709,ST生态,sh
600710,苏美达,sh
600711,盛屯矿业,sh
600712,南宁百货,sh
600713,南京医药,sh
600714,金瑞矿业,sh
600715,文投控股,sh
600716,凤凰股份,sh
600717,天津港,sh
600718,东软集团,sh
600719,大连热电,sh
600720,祁连山,sh
600721,ST百花,sh
600722,金牛化工,sh
600723,首商股份,sh
600724,宁波富达,sh
600725,ST云维,sh
600726,华电能源,sh
600727,鲁北化工,sh
600728,佳都科技,sh
600729,重庆百货,sh
600730,中国高科,sh
600731,湖南海利,sh
600732,爱旭股份,sh
600733,北汽蓝谷,sh
600734,*ST实达,sh
600735,新华锦,sh
600736,苏州高新,sh
600737,中粮糖业,sh
600738,兰州民百,sh
600739,辽宁成大,sh
600740,山西焦化,sh
600741,华域汽车,sh
600742,一汽富维,sh
600743,华远地产,sh
600744,华银电力,sh
600745,闻泰科技,sh
600746,江苏索普,sh
600747,退市大控,sh
600748,上实发展,sh
600749,西藏旅游,sh
600750,江中药业,sh
600751,海航科技,sh
600752,*ST哈慈,sh
600753,东方银星,sh
600754,锦江酒店,sh
600755,厦门国贸,sh
600756,浪潮软件,sh
600757,长江传媒,sh
600758,辽宁能源,sh
600759,洲际油气,sh
600760,中航沈飞,sh
600761,安徽合力,sh
600762,S*ST金荔,sh
600763,通策医疗,sh
600764,中国海防,sh
600765,中航重机,sh
600766,园城黄金,sh
600767,ST运盛,sh
600768,宁波富邦,sh
600769,祥龙电业,sh
600770,综艺股份,sh
600771,广誉远,sh
600772,S*ST龙昌,sh
600773,西藏城投,sh
600774,汉商集团,sh
600775,南京熊猫,sh
600776,东方通信,sh
600777,新潮能源,sh
600778,友好集团,sh
600779,水井坊,sh
600780,通宝能源,sh
600781,*ST辅仁,sh
600782,新钢股份,sh
600783,鲁信创投,sh
600784,鲁银投资,sh
600785,新华百货,sh
600786,东方锅炉,sh
600787,中储股份,sh
600788,*ST达曼,sh
600789,鲁抗医药,sh
600790,轻纺城,sh
600791,京能置业,sh
600792,云煤能源,sh
600793,宜宾纸业,sh
600794,保税科技,sh
600795,国电电力,sh
600796,钱江生化,sh
600797,浙大网新,sh
600798,宁波海运,sh
600799,*ST龙科,sh
600800,天津磁卡,sh
600801,华新水泥,sh
600802,福建水泥,sh
600803,新奥股份,sh
600804,鹏博士,sh
600805,悦达投资,sh
600806,退市昆机,sh
600807,济南高新,sh
600808,马钢股份,sh
600809,山西汾酒,sh
600810,神马股份,sh
600811,东方集团,sh
600812,华北制药,sh
600813,ST鞍一工,sh
600814,杭州解百,sh
600815,*ST厦工,sh
600816,*ST安信,sh
600817,ST宏盛,sh
600818,中路股份,sh
600819,耀皮玻璃,sh
600820,隧道股份,sh
600821,*ST劝业,sh
600822,上海物贸,sh
600823,世茂股份,sh
600824,益民集团,sh
600825,新华传媒,sh
600826,兰生股份,sh
600827,百联股份,sh
600828,茂业商业,sh
600829,人民同泰,sh
600830,香溢融通,sh
600831,广电网络,sh
600832,东方明珠,sh
600833,第一医药,sh
600834,申通地铁,sh
600835,上海机电,sh
600836,*ST界龙,sh
600837,海通证券,sh
600838,上海九百,sh
600839,四川长虹,sh
600840,新湖创业,sh
600841,上柴股份,sh
600842,中西药业,sh
600843,上工申贝,sh
600844,丹化科技,sh
600845,宝信软件,sh
600846,同济科技,sh
600847,万里股份,sh
600848,上海临港,sh
600849,上药转换,sh
600850,华东电脑,sh
600851,海欣股份,sh
600852,*ST中川,sh
600853,龙建股份,sh
600854,春兰股份,sh
600855,航天长峰,sh
600856,*ST中天,sh
600857,宁波中百,sh
600858,银座股份,sh
600859,王府井,sh
600860,*ST京城,sh
600861,北京城乡,sh
600862,中航高科,sh
600863,内蒙华电,sh
600864,哈投股份,sh
600865,百大集团,sh
600866,星湖科技,sh
600867,通化东宝,sh
600868,梅雁吉祥,sh
600869,智慧能源,sh
600870,ST厦华,sh
600871,石化油服,sh
600872,中炬高新,sh
600873,梅花生物,sh
600874,创业环保,sh
600875,东方电气,sh
600876,洛阳玻璃,sh
600877,ST电能,sh
600878,*ST北科,sh
600879,航天电子,sh
600880,博瑞传播,sh
600881,亚泰集团,sh
600882,妙可蓝多,sh
600883,博闻科技,sh
600884,杉杉股份,sh
600885,宏发股份,sh
600886,国投电力,sh
600887,伊利股份,sh
600888,新疆众和,sh
600889,南京化纤,sh
600890,中房股份,sh
600891,*ST秋林,sh
600892,*ST大晟,sh
600893,航发动力,sh
600894,广日股份,sh
600895,张江高科,sh
600896,览海医疗,sh
600897,厦门空港,sh
600898,*ST美讯,sh
600899,*ST信联,sh
600900,长江电力,sh
600901,江苏租赁,sh
600903,贵州燃气,sh
600908,无锡银行,sh
600909,华安证券,sh
600917,重庆燃气,sh
600918,中泰证券,sh
600919,江苏银行,sh
600926,杭州银行,sh
600928,西安银行,sh
600929,雪天盐业,sh
600933,爱柯迪,sh
600936,广西广电,sh
600939,重庆建工,sh
600956,新天绿能,sh
600958,东方证券,sh
600959,江苏有线,sh
600960,渤海汽车,sh
600961,株冶集团,sh
600962,国投中鲁,sh
600963,岳阳林纸,sh
600965,福成股份,sh
600966,博汇纸业,sh
600967,XD内蒙一,sh
600968,海油发展,sh
600969,郴电国际,sh
600970,中材国际,sh
600971,恒源煤电,sh
600973,宝胜股份,sh
600975,新五丰,sh
600976,健民集团,sh
600977,中国电影,sh
600978,*ST宜生,sh
600979,广安爱众,sh
600980,北矿科技,sh
600981,汇鸿集团,sh
600982,宁波热电,sh
600983,惠而浦,sh
600984,建设机械,sh
600985,淮北矿业,sh
600986,科达股份,sh
600987,航民股份,sh
600988,赤峰黄金,sh
600989,宝丰能源,sh
600990,四创电子,sh
600991,广汽长丰,sh
600992,贵绳股份,sh
600993,马应龙,sh
600995,文山电力,sh
600996,贵广网络,sh
600997,开滦股份,sh
600998,九州通,sh
600999,招商证券,sh
601000,唐山港,sh
601001,大同煤业,sh
601002,晋亿实业,sh
601003,柳钢股份,sh
601005,重庆钢铁,sh
601006,大秦铁路,sh
601007,金陵饭店,sh
601008,连云港,sh
601009,南京银行,sh
601010,文峰股份,sh
601011,宝泰隆,sh
601012,隆基股份,sh
601015,陕西黑猫,sh
601016,节能风电,sh
601018,宁波港,sh
601019,山东出版,sh
601020,华钰矿业,sh
601021,春秋航空,sh
601028,玉龙股份,sh
601038,一拖股份,sh
601058,赛轮轮胎,sh
601066,中信建投,sh
601068,中铝国际,sh
601069,西部黄金,sh
601077,渝农商行,sh
601086,国芳集团,sh
601088,中国神华,sh
601098,中南传媒,sh
601099,太平洋,sh
601100,恒立液压,sh
601101,昊华能源,sh
601106,中国一重,sh
601107,四川成渝,sh
601108,财通证券,sh
601111,中国国航,sh
601113,ST华鼎,sh
601116,三江购物,sh
601117,中国化学,sh
601118,海南橡胶,sh
601126,四方股份,sh
601127,小康股份,sh
601128,常熟银行,sh
601137,博威合金,sh
601138,工业富联,sh
601139,深圳燃气,sh
601155,新城控股,sh
601158,重庆水务,sh
601162,天风证券,sh
601163,三角轮胎,sh
601166,兴业银行,sh
601168,西部矿业,sh
601169,北京银行,sh
601177,杭齿前进,sh
601179,中国西电,sh
601186,中国铁建,sh
601187,厦门银行,sh
601188,龙江交通,sh
601198,东兴证券,sh
601199,江南水务,sh
601200,上海环境,sh
601208,东材科技,sh
601211,国泰君安,sh
601212,白银有色,sh
601216,君正集团,sh
601218,吉鑫科技,sh
601222,林洋能源,sh
601225,陕西煤业,sh
601226,华电重工,sh
601228,广州港,sh
601229,上海银行,sh
601231,环旭电子,sh
601233,桐昆股份,sh
601236,红塔证券,sh
601238,广汽集团,sh
601258,ST庞大,sh
601268,*ST二重,sh
601288,农业银行,sh
601298,青岛港,sh
601299,中国北车,sh
601311,骆驼股份,sh
601318,中国平安,sh
601319,中国人保,sh
601326,秦港股份,sh
601328,交通银行,sh
601330,绿色动力,sh
601333,广深铁路,sh
601336,新华保险,sh
601339,百隆东方,sh
601360,三六零,sh
601366,利群股份,sh
601368,绿城水务,sh
601369,陕鼓动力,sh
601375,中原证券,sh
601377,兴业证券,sh
601388,怡球资源,sh
601390,中国中铁,sh
601398,工商银行,sh
601399,ST国重装,sh
601456,国联证券,sh
601500,通用股份,sh
601512,中新集团,sh
601515,东风股份,sh
601518,吉林高速,sh
601519,大智慧,sh
601555,东吴证券,sh
601558,退市锐电,sh
601566,九牧王,sh
601567,三星医疗,sh
601568,北元集团,sh
601577,长沙银行,sh
601579,会稽山,sh
601588,北辰实业,sh
601595,上海电影,sh
601598,中国外运,sh
601599,鹿港文化,sh
601600,中国铝业,sh
601601,中国太保,sh
601606,长城军工,sh
601607,上海医药,sh
601608,中信重工,sh
601609,金田铜业,sh
601611,中国核建,sh
601615,明阳智能,sh
601616,广电电气,sh
601618,中国中冶,sh
601619,嘉泽新能,sh
601628,中国人寿,sh
601633,长城汽车,sh
601636,旗滨集团,sh
601658,邮储银行,sh
601666,平煤股份,sh
601668,中国建筑,sh
601669,中国电建,sh
601677,明泰铝业,sh
601678,滨化股份,sh
601688,华泰证券,sh
601689,拓普集团,sh
601696,中银证券,sh
601698,中国卫通,sh
601699,潞安环能,sh
601700,风范股份,sh
601702,华峰铝业,sh
601717,郑煤机,sh
601718,际华集团,sh
601727,上海电气,sh
601766,中国中车,sh
601777,*ST力帆,sh
601778,晶科科技,sh
601788,光大证券,sh
601789,宁波建工,sh
601798,蓝科高新,sh
601799,星宇股份,sh
601800,中国交建,sh
601801,皖新传媒,sh
601808,中海油服,sh
601811,新华文轩,sh
601816,京沪高铁,sh
601818,光大银行,sh
601827,三峰环境,sh
601828,美凯龙,sh
601838,成都银行,sh
601857,中国石油,sh
601858,中国科传,sh
601860,紫金银行,sh
601865,福莱特,sh
601866,中远海发,sh
601869,长飞光纤,sh
601872,招商轮船,sh
601877,正泰电器,sh
601878,浙商证券,sh
601880,大连港,sh
601881,中国银河,sh
601882,海天精工,sh
601886,江河集团,sh
601888,中国中免,sh
601890,亚星锚链,sh
601898,中煤能源,sh
601899,紫金矿业,sh
601900,南方传媒,sh
601901,方正证券,sh
601908,京运通,sh
601916,浙商银行,sh
601918,新集能源,sh
601919,中远海控,sh
601928,凤凰传媒,sh
601929,吉视传媒,sh
601933,永辉超市,sh
601939,建设银行,sh
601949,中国出版,sh
601952,苏垦农发,sh
601958,金钼股份,sh
601965,中国汽研,sh
601966,玲珑轮胎,sh
601968,宝钢包装,sh
601969,海南矿业,sh
601975,招商南油,sh
601985,中国核电,sh
601988,中国银行,sh
601989,中国重工,sh
601990,南京证券,sh
601991,大唐发电,sh
601992,金隅集团,sh
601996,丰林集团,sh
601997,贵阳银行,sh
601998,中信银行,sh
601999,出版传媒,sh
603000,人民网,sh
603001,奥康国际,sh
603002,宏昌电子,sh
603003,龙宇燃油,sh
603005,晶方科技,sh
603006,联明股份,sh
603007,花王股份,sh
603008,喜临门,sh
603009,北特科技,sh
603010,万盛股份,sh
603011,合锻智能,sh
603012,创力集团,sh
603013,亚普股份,sh
603015,弘讯科技,sh
603016,新宏泰,sh
603017,中衡设计,sh
603018,中设集团,sh
603019,中科曙光,sh
603020,爱普股份,sh
603021,山东华鹏,sh
603022,新通联,sh
603023,威帝股份,sh
603025,大豪科技,sh
603026,石大胜华,sh
603027,千禾味业,sh
603028,赛福天,sh
603029,天鹅股份,sh
603030,全筑股份,sh
603031,安德利,sh
603032,德新交运,sh
603033,三维股份,sh
603035,常熟汽饰,sh
603036,如通股份,sh
603037,凯众股份,sh
603038,华立股份,sh
603039,泛微网络,sh
603040,新坐标,sh
603041,美思德,sh
603042,华脉科技,sh
603043,广州酒家,sh
603045,福达合金,sh
603050,科林电气,sh
603053,成都燃气,sh
603055,台华新材,sh
603056,德邦股份,sh
603058,永吉股份,sh
603059,倍加洁,sh
603060,国检集团,sh
603063,禾望电气,sh
603066,音飞储存,sh
603067,振华股份,sh
603068,博通集成,sh
603069,海汽集团,sh
603076,乐惠国际,sh
603077,和邦生物,sh
603078,江化微,sh
603079,圣达生物,sh
603080,新疆火炬,sh
603081,大丰实业,sh
603083,剑桥科技,sh
603085,天成自控,sh
603086,先达股份,sh
603087,甘李药业,sh
603088,宁波精达,sh
603089,正裕工业,sh
603090,宏盛股份,sh
603093,南华期货,sh
603095,越剑智能,sh
603096,新经典,sh
603098,森特股份,sh
603099,长白山,sh
603100,川仪股份,sh
603101,汇嘉时代,sh
603103,横店影视,sh
603105,芯能科技,sh
603106,恒银科技,sh
603108,润达医疗,sh
603109,神驰机电,sh
603110,XD东方材,sh
603111,康尼机电,sh
603112,华翔股份,sh
603113,金能科技,sh
603115,海星股份,sh
603116,红蜻蜓,sh
603117,万林物流,sh
603118,共进股份,sh
603121,华培动力,sh
603123,翠微股份,sh
603126,中材节能,sh
603127,昭衍新药,sh
603128,华贸物流,sh
603129,春风动力,sh
603131,上海沪工,sh
603133,碳元科技,sh
603136,天目湖,sh
603138,海量数据,sh
603139,康惠制药,sh
603155,新亚强,sh
603156,养元饮品,sh
603157,*ST拉夏,sh
603158,腾龙股份,sh
603159,上海亚虹,sh
603160,汇顶科技,sh
603161,科华控股,sh
603165,荣晟环保,sh
603166,福达股份,sh
603167,渤海轮渡,sh
603168,莎普爱思,sh
603169,兰石重装,sh
603177,德创环保,sh
603178,圣龙股份,sh
603179,新泉股份,sh
603180,金牌厨柜,sh
603181,皇马科技,sh
603183,建研院,sh
603185,上机数控,sh
603186,华正新材,sh
603187,海容冷链,sh
603188,ST亚邦,sh
603189,网达软件,sh
603192,汇得科技,sh
603195,公牛集团,sh
603196,日播时尚,sh
603197,保隆科技,sh
603198,迎驾贡酒,sh
603199,九华旅游,sh
603200,上海洗霸,sh
603203,快克股份,sh
603208,江山欧派,sh
603212,赛伍技术,sh
603214,爱婴室,sh
603217,元利科技,sh
603218,日月股份,sh
603220,中贝通信,sh
603221,爱丽家居,sh
603222,济民制药,sh
603223,恒通股份,sh
603225,新凤鸣,sh
603226,菲林格尔,sh
603227,雪峰科技,sh
603228,景旺电子,sh
603229,奥翔药业,sh
603232,格尔软件,sh
603233,大参林,sh
603236,移远通信,sh
603238,诺邦股份,sh
603239,浙江仙通,sh
603256,宏和科技,sh
603258,电魂网络,sh
603259,药明康德,sh
603260,合盛硅业,sh
603266,天龙股份,sh
603267,鸿远电子,sh
603268,松发股份,sh
603269,海鸥股份,sh
603277,银都股份,sh
603278,大业股份,sh
603279,景津环保,sh
603283,赛腾股份,sh
603286,日盈电子,sh
603288,海天味业,sh
603289,泰瑞机器,sh
603290,斯达半导,sh
603297,永新光学,sh
603298,杭叉集团,sh
603299,苏盐井神,sh
603300,华铁应急,sh
603301,振德医疗,sh
603303,得邦照明,sh
603305,旭升股份,sh
603306,华懋科技,sh
603308,应流股份,sh
603309,维力医疗,sh
603311,金海环境,sh
603313,梦百合,sh
603315,福鞍股份,sh
603316,诚邦股份,sh
603317,天味食品,sh
603318,派思股份,sh
603319,湘油泵,sh
603320,迪贝电气,sh
603321,梅轮电梯,sh
603322,超讯通信,sh
603323,苏农银行,sh
603326,我乐家居,sh
603327,福蓉科技,sh
603328,依顿电子,sh
603329,上海雅仕,sh
603330,上海天洋,sh
603331,百达精工,sh
603332,苏州龙杰,sh
603333,尚纬股份,sh
603335,迪生力,sh
603336,宏辉果蔬,sh
603337,杰克股份,sh
603338,浙江鼎力,sh
603339,四方科技,sh
603345,安井食品,sh
603348,文灿股份,sh
603351,威尔药业,sh
603353,和顺石油,sh
603355,莱克电气,sh
603356,华菱精工,sh
603357,设计总院,sh
603358,华达科技,sh
603359,东珠生态,sh
603360,百傲化学,sh
603363,傲农生物,sh
603365,水星家纺,sh
603366,日出东方,sh
603367,辰欣药业,sh
603368,柳药股份,sh
603369,今世缘,sh
603377,东方时尚,sh
603378,亚士创能,sh
603379,三美股份,sh
603380,易德龙,sh
603383,顶点软件,sh
603385,惠达卫浴,sh
603386,广东骏亚,sh
603387,基蛋生物,sh
603388,元成股份,sh
603389,*ST亚振,sh
603390,通达电气,sh
603392,万泰生物,sh
603393,新天然气,sh
603396,金辰股份,sh
603398,邦宝益智,sh
603399,吉翔股份,sh
603408,建霖家居,sh
603416,信捷电气,sh
603421,鼎信通讯,sh
603429,集友股份,sh
603439,贵州三力,sh
603444,吉比特,sh
603456,九洲药业,sh
603458,勘设股份,sh
603466,风语筑,sh
603477,巨星农牧,sh
603486,科沃斯,sh
603488,展鹏科技,sh
603489,八方股份,sh
603496,恒为科技,sh
603499,翔港科技,sh
603500,祥和实业,sh
603501,韦尔股份,sh
603505,金石资源,sh
603506,南都物业,sh
603507,振江股份,sh
603508,思维列控,sh
603515,欧普照明,sh
603516,淳中科技,sh
603517,绝味食品,sh
603518,锦泓集团,sh
603519,立霸股份,sh
603520,司太立,sh
603527,众源新材,sh
603528,多伦科技,sh
603530,神马电力,sh
603533,掌阅科技,sh
603535,嘉诚国际,sh
603536,惠发食品,sh
603538,美诺华,sh
603551,奥普家居,sh
603555,*ST贵人,sh
603556,海兴电力,sh
603557,起步股份,sh
603558,健盛集团,sh
603559,中通国脉,sh
603565,N中谷,sh
603566,普莱柯,sh
603567,珍宝岛,sh
603568,伟明环保,sh
603569,长久物流,sh
603577,汇金通,sh
603578,三星新材,sh
603579,荣泰健康,sh
603580,艾艾精工,sh
603583,捷昌驱动,sh
603585,苏利股份,sh
603586,金麒麟,sh
603587,地素时尚,sh
603588,高能环境,sh
603589,口子窖,sh
603590,康辰药业,sh
603595,东尼电子,sh
603596,伯特利,sh
603598,引力传媒,sh
603599,广信股份,sh
603600,永艺股份,sh
603601,再升科技,sh
603602,纵横通信,sh
603603,博天环境,sh
603605,珀莱雅,sh
603606,东方电缆,sh
603607,京华激光,sh
603608,天创时尚,sh
603609,禾丰牧业,sh
603610,麒盛科技,sh
603611,诺力股份,sh
603612,索通发展,sh
603613,国联股份,sh
603615,茶花股份,sh
603616,韩建河山,sh
603617,君禾股份,sh
603618,杭电股份,sh
603619,中曼石油,sh
603626,科森科技,sh
603628,清源股份,sh
603629,利通电子,sh
603630,拉芳家化,sh
603633,徕木股份,sh
603636,南威软件,sh
603637,镇海股份,sh
603638,艾迪精密,sh
603639,海利尔,sh
603648,畅联股份,sh
603650,彤程新材,sh
603655,朗博科技,sh
603656,泰禾光电,sh
603657,春光科技,sh
603658,安图生物,sh
603659,璞泰来,sh
603660,苏州科达,sh
603661,恒林股份,sh
603662,柯力传感,sh
603663,三祥新材,sh
603665,康隆达,sh
603666,亿嘉和,sh
603667,五洲新春,sh
603668,天马科技,sh
603669,灵康药业,sh
603676,卫信康,sh
603677,奇精机械,sh
603678,火炬电子,sh
603679,华体科技,sh
603680,今创集团,sh
603681,永冠新材,sh
603682,锦和商业,sh
603683,晶华新材,sh
603685,晨丰科技,sh
603686,龙马环卫,sh
603687,大胜达,sh
603688,石英股份,sh
603689,皖天然气,sh
603690,至纯科技,sh
603693,江苏新能,sh
603696,安记食品,sh
603697,有友食品,sh
603698,航天工程,sh
603699,纽威股份,sh
603700,宁水集团,sh
603701,德宏股份,sh
603703,盛洋科技,sh
603706,东方环宇,sh
603707,健友股份,sh
603708,家家悦,sh
603709,中源家居,sh
603711,香飘飘,sh
603712,七一二,sh
603713,密尔克卫,sh
603716,塞力斯,sh
603717,天域生态,sh
603718,海利生物,sh
603719,良品铺子,sh
603721,中广天择,sh
603722,阿科力,sh
603725,天安新材,sh
603726,朗迪集团,sh
603727,博迈科,sh
603728,鸣志电器,sh
603729,龙韵股份,sh
603730,岱美股份,sh
603733,仙鹤股份,sh
603737,三棵树,sh
603738,泰晶科技,sh
603739,蔚蓝生物,sh
603755,日辰股份,sh
603757,大元泵业,sh
603758,秦安股份,sh
603766,隆鑫通用,sh
603767,中马传动,sh
603768,常青股份,sh
603773,沃格光电,sh
603776,永安行,sh
603777,来伊份,sh
603778,乾景园林,sh
603779,ST威龙,sh
603786,科博达,sh
603787,新日股份,sh
603788,宁波高发,sh
603789,星光农机,sh
603790,雅运股份,sh
603797,联泰环保,sh
603798,康普顿,sh
603799,华友钴业,sh
603800,道森股份,sh
603801,志邦家居,sh
603803,瑞斯康达,sh
603806,福斯特,sh
603808,歌力思,sh
603809,豪能股份,sh
603810,丰山集团,sh
603811,诚意药业,sh
603813,原尚股份,sh
603815,交建股份,sh
603816,顾家家居,sh
603817,海峡环保,sh
603818,曲美家居,sh
603819,神力股份,sh
603822,嘉澳环保,sh
603823,百合花,sh
603825,华扬联众,sh
603826,坤彩科技,sh
603828,柯利达,sh
603829,洛凯股份,sh
603833,欧派家居,sh
603838,四通股份,sh
603839,安正时尚,sh
603843,正平股份,sh
603848,好太太,sh
603855,华荣股份,sh
603856,东宏股份,sh
603858,步长制药,sh
603859,能科股份,sh
603860,中公高科,sh
603861,白云电器,sh
603863,松炀资源,sh
603866,桃李面包,sh
603867,新化股份,sh
603868,飞科电器,sh
603869,新智认知,sh
603871,嘉友国际,sh
603876,鼎胜新材,sh
603877,太平鸟,sh
603878,武进不锈,sh
603879,永悦科技,sh
603880,南卫股份,sh
603881,数据港,sh
603882,金域医学,sh
603883,老百姓,sh
603885,吉祥航空,sh
603886,元祖股份,sh
603887,城地股份,sh
603888,新华网,sh
603889,新澳股份,sh
603890,春秋电子,sh
603893,瑞芯微,sh
603895,天永智能,sh
603896,寿仙谷,sh
603897,长城科技,sh
603898,好莱客,sh
603899,晨光文具,sh
603900,莱绅通灵,sh
603901,永创智能,sh
603903,中持股份,sh
603906,龙蟠科技,sh
603908,牧高笛,sh
603909,合诚股份,sh
603912,佳力图,sh
603915,国茂股份,sh
603916,苏博特,sh
603917,合力科技,sh
603918,金桥信息,sh
603919,金徽酒,sh
603920,世运电路,sh
603922,金鸿顺,sh
603926,铁流股份,sh
603927,中科软,sh
603928,兴业股份,sh
603929,亚翔集成,sh
603931,格林达,sh
603933,睿能科技,sh
603936,博敏电子,sh
603937,丽岛新材,sh
603938,三孚股份,sh
603939,益丰药房,sh
603948,建业股份,sh
603949,雪龙集团,sh
603950,长源东谷,sh
603955,大千生态,sh
603956,威派格,sh
603958,哈森股份,sh
603959,百利科技,sh
603960,克来机电,sh
603963,大理药业,sh
603966,法兰泰克,sh
603967,中创物流,sh
603968,醋化股份,sh
603969,银龙股份,sh
603970,中农立华,sh
603976,正川股份,sh
603977,国泰集团,sh
603978,深圳新星,sh
603979,金诚信,sh
603980,吉华集团,sh
603982,泉峰汽车,sh
603983,丸美股份,sh
603985,恒润股份,sh
603986,兆易创新,sh
603987,康德莱,sh
603988,中电电机,sh
603989,艾华集团,sh
603990,麦迪科技,sh
603991,至正股份,sh
603992,松霖科技,sh
603993,洛阳钼业,sh
603995,甬金股份,sh
603996,*ST中新,sh
603997,继峰股份,sh
603998,方盛制药,sh
603999,读者传媒,sh
605001,威奥股份,sh
605003,众望布艺,sh
605006,山东玻纤,sh
605008,长鸿高科,sh
605009,豪悦护理,sh
605018,长华股份,sh
605050,福然德,sh
605058,澳弘电子,sh
605066,天正电气,sh
605088,冠盛股份,sh
605099,共创草坪,sh
605100,华丰股份,sh
605108,同庆楼,sh
605111,新洁能,sh
605116,奥锐特,sh
605118,力鼎光电,sh
605123,派克新材,sh
605128,上海沿浦,sh
605136,丽人丽妆,sh
605158,华达新材,sh
605166,聚合顺,sh
605168,三人行,sh
605178,时空科技,sh
605188,国光连锁,sh
605198,德利股份,sh
605199,葫芦娃,sh
605218,伟时电子,sh
605222,起帆电缆,sh
605255,天普股份,sh
605288,凯迪股份,sh
605318,法狮龙,sh
605333,沪光股份,sh
605336,帅丰电器,sh
605338,巴比食品,sh
605358,立昂微,sh
605366,宏柏新材,sh
605369,拱东医疗,sh
605388,均瑶健康,sh
605399,晨光新材,sh
688001,华兴源创,sh
688002,睿创微纳,sh
688003,天准科技,sh
688004,博汇科技,sh
688005,容百科技,sh
688006,杭可科技,sh
688007,光峰科技,sh
688008,澜起科技,sh
688009,中国通号,sh
688010,福光股份,sh
688011,新光光电,sh
688012,中微公司,sh
688013,天臣医疗,sh
688015,交控科技,sh
688016,心脉医疗,sh
688017,绿的谐波,sh
688018,乐鑫科技,sh
688019,安集科技,sh
688020,方邦股份,sh
688021,奥福环保,sh
688022,瀚川智能,sh
688023,安恒信息,sh
688025,杰普特,sh
688026,洁特生物,sh
688027,国盾量子,sh
688028,沃尔德,sh
688029,南微医学,sh
688030,山石网科,sh
688033,天宜上佳,sh
688036,传音控股,sh
688037,芯源微,sh
688039,当虹科技,sh
688050,爱博医疗,sh
688051,佳华科技,sh
688055,龙腾光电,sh
688056,莱伯泰科,sh
688058,宝兰德,sh
688060,云涌科技,sh
688065,凯赛生物,sh
688066,航天宏图,sh
688068,热景生物,sh
688069,德林海,sh
688077,大地熊,sh
688078,龙软科技,sh
688080,映翰通,sh
688081,兴图新科,sh
688085,三友医疗,sh
688086,紫晶存储,sh
688088,虹软科技,sh
688089,嘉必优,sh
688090,瑞松科技,sh
688093,世华科技,sh
688095,福昕软件,sh
688096,京源环保,sh
688098,申联生物,sh
688099,晶晨股份,sh
688100,威胜信息,sh
688101,三达膜,sh
688106,金宏气体,sh
688108,赛诺医疗,sh
688111,金山办公,sh
688116,天奈科技,sh
688118,普元信息,sh
688122,西部超导,sh
688123,聚辰股份,sh
688126,沪硅产业-U,sh
688127,蓝特光学,sh
688128,中国电研,sh
688138,清溢光电,sh
688139,海尔生物,sh
688155,先惠技术,sh
688156,路德环境,sh
688157,松井股份,sh
688158,优刻得-W,sh
688159,有方科技,sh
688165,埃夫特-U,sh
688166,博瑞医药,sh
688168,安博通,sh
688169,石头科技,sh
688177,百奥泰-U,sh
688178,万德斯,sh
688180,君实生物-U,sh
688181,八亿时空,sh
688185,康希诺-U,sh
688186,广大特材,sh
688188,柏楚电子,sh
688189,南新制药,sh
688196,卓越新能,sh
688198,佰仁医疗,sh
688199,久日新材,sh
688200,华峰测控,sh
688202,美迪西,sh
688208,道通科技,sh
688215,瑞晟智能,sh
688218,江苏北人,sh
688222,成都先导,sh
688228,开普云,sh
688229,博睿数据,sh
688233,神工股份,sh
688256,寒武纪-U,sh
688258,卓易信息,sh
688266,泽璟制药-U,sh
688268,华特气体,sh
688277,天智航-U,sh
688278,特宝生物,sh
688286,敏芯股份,sh
688288,鸿泉物联,sh
688289,圣湘生物,sh
688298,东方生物,sh
688299,长阳科技,sh
688300,联瑞新材,sh
688301,奕瑞科技,sh
688309,恒誉环保,sh
688310,迈得医疗,sh
688311,盟升电子,sh
688312,燕麦科技,sh
688313,仕佳光子-U,sh
688318,财富趋势,sh
688321,微芯生物,sh
688330,宏力达,sh
688333,铂力特,sh
688335,复洁环保,sh
688336,三生国健,sh
688338,赛科希德,sh
688339,亿华通-U,sh
688356,键凯科技,sh
688357,建龙微纳,sh
688358,祥生医疗,sh
688360,德马科技,sh
688363,华熙生物,sh
688365,光云科技,sh
688366,昊海生科,sh
688368,晶丰明源,sh
688369,致远互联,sh
688377,迪威尔,sh
688378,奥来德,sh
688379,华光新材,sh
688386,泛亚微透,sh
688388,嘉元科技,sh
688389,普门科技,sh
688390,固德威,sh
688393,安必平,sh
688396,华润微,sh
688398,赛特新材,sh
688399,XD硕世生,sh
688408,中信博,sh
688418,震有科技,sh
688466,金科环境,sh
688488,艾迪药业,sh
688500,慧辰资讯,sh
688505,复旦张江,sh
688508,芯朋微,sh
688513,苑东生物,sh
688516,奥特维,sh
688518,联赢激光,sh
688519,南亚新材,sh
688520,神州细胞-U,sh
688521,芯原股份-U,sh
688526,科前生物,sh
688528,秦川物联,sh
688536,思瑞浦,sh
688550,瑞联新材,sh
688551,科威尔,sh
688555,泽达易盛,sh
688556,高测股份,sh
688558,国盛智科,sh
688559,海目星,sh
688561,奇安信-U,sh
688566,吉贝尔,sh
688567,孚能科技,sh
688568,中科星图,sh
688569,铁科轨道,sh
688577,浙海德曼,sh
688579,山大地纬,sh
688580,伟思医疗,sh
688585,上纬新材,sh
688586,江航装备,sh
688588,凌志软件,sh
688589,力合微,sh
688595,芯海科技,sh
688596,正帆科技,sh
688598,金博股份,sh
688599,天合光能,sh
688600,皖仪科技,sh
688788,科思科技,sh
688981,中芯国际-U,sh
